"person_id","household_id","primary_purpose","trip_num","outbound","trip_count","tour_id","purpose","destination_logsum","depart","trip_mode","mode_choice_logsum","trip_id","origin","destination"
9886,3013,"work",1,true,1,405365,"work",,7,"WALK",1.603492913364629,3242921,86,62
9886,3013,"work",1,false,1,405365,"home",,16,"WALK",1.6034943970352848,3242925,62,86
9888,3013,"social",1,true,1,405444,"social",,9,"WALK",2.437312113143662,3243553,86,45
9888,3013,"social",1,false,1,405444,"home",,11,"WALK",2.4373208039157035,3243557,45,86
15506,4803,"eatout",1,true,1,635752,"eatout",,16,"WALK",6.691736645602864,5086017,116,5
15506,4803,"eatout",1,false,1,635752,"home",,19,"WALK",6.691736647362332,5086021,5,116
15507,4803,"shopping",1,true,1,635820,"shopping",,8,"WALK",3.40142242449611,5086561,116,16
15507,4803,"shopping",1,false,1,635820,"home",,12,"WALK",3.4014224287635155,5086565,16,116
15507,4803,"social",1,true,1,635823,"social",,16,"WALK",2.5674298056050993,5086585,116,136
15507,4803,"social",1,false,1,635823,"home",,18,"WALK",2.5674299600796546,5086589,136,116
15508,4803,"shopping",1,true,1,635861,"shopping",,11,"WALK",5.5578177767860355,5086889,116,19
15508,4803,"shopping",1,false,1,635861,"home",,12,"WALK",5.557817776251806,5086893,19,116
15510,4803,"escort",1,true,1,635919,"escort",,8,"WALK",3.0548852845806436,5087353,116,47
15510,4803,"escort",1,false,1,635919,"home",,9,"WALK",3.0548852686861125,5087357,47,116
17675,5547,"work",1,true,1,724714,"work",,18,"WALK",0.6895560512259133,5797713,7,37
17675,5547,"work",1,false,1,724714,"home",,20,"WALK",0.689572518819244,5797717,37,7
17676,5547,"work",1,true,1,724755,"work",,7,"WALK",2.425036391356682,5798041,7,112
17676,5547,"work",1,false,1,724755,"home",,18,"WALK",2.425809173717856,5798045,112,7
17677,5547,"escort",1,true,1,724766,"escort",,18,"TNC_SINGLE",-0.5390432917050066,5798129,7,89
17677,5547,"escort",1,false,1,724766,"home",,18,"TNC_SINGLE",-0.7653234356260363,5798133,89,7
17677,5547,"work",1,true,1,724796,"work",,7,"WALK",1.4601060629574711,5798369,7,68
17677,5547,"work",1,false,2,724796,"othmaint",22.71548188841762,18,"WALK",1.460105665864431,5798373,68,89
17677,5547,"work",2,false,2,724796,"home",,18,"WALK",3.340368716727178,5798374,89,7
17678,5547,"work",1,true,1,724837,"work",,8,"WALK",4.9378613971199,5798697,7,145
17678,5547,"work",1,false,1,724837,"home",,20,"WALK",4.93786184983671,5798701,145,7
26414,8979,"work",1,true,1,1083013,"work",,8,"WALK",2.9713046166873704,8664105,34,92
26414,8979,"work",1,false,1,1083013,"home",,15,"WALK",2.9713046166890478,8664109,92,34
26414,8979,"work",1,true,1,1083014,"work",,17,"WALK",2.9713046166873833,8664113,34,92
26414,8979,"work",1,false,1,1083014,"home",,20,"WALK",2.971304616690647,8664117,92,34
26415,8979,"atwork",1,true,1,1083019,"atwork",,13,"WALK",1.2704228707908438,8664153,22,22
26415,8979,"atwork",1,false,1,1083019,"work",,13,"WALK",1.2704228707908438,8664157,22,22
26415,8979,"work",1,true,1,1083054,"work",,6,"WALK",0.6717523095686105,8664433,34,22
26415,8979,"work",1,false,1,1083054,"home",,22,"WALK",0.6717523099877697,8664437,22,34
26416,8979,"univ",1,true,1,1083087,"univ",,13,"WALK",-0.3008306070321721,8664697,34,34
26416,8979,"univ",1,false,1,1083087,"home",,16,"WALK",-0.3008379400689226,8664701,34,34
41281,13594,"shopping",1,true,1,1692540,"shopping",,10,"WALK",4.093542629711065,13540321,145,136
41281,13594,"shopping",1,false,1,1692540,"home",,13,"WALK",4.093343635493388,13540325,136,145
41281,13594,"othdiscr",1,true,1,1692546,"othdiscr",,17,"WALK",6.169020777760898,13540369,145,128
41281,13594,"othdiscr",1,false,1,1692546,"home",,20,"WALK",6.1690207982318865,13540373,128,145
42190,14296,"othmaint",1,true,1,1729807,"othmaint",,11,"WALK",2.860238053123422,13838457,128,64
42190,14296,"othmaint",1,false,1,1729807,"home",,13,"WALK",2.862357763119157,13838461,64,128
42190,14296,"shopping",1,true,1,1729823,"shopping",,14,"WALK",0.9776294113149386,13838585,128,14
42190,14296,"shopping",1,false,1,1729823,"home",,16,"WALK",0.8853515278071356,13838589,14,128
44898,15483,"othmaint",1,true,1,1840846,"othmaint",,19,"WALK",0.8888914330109209,14726769,114,1
44898,15483,"othmaint",1,false,1,1840846,"home",,19,"WALK",0.8888914362775644,14726773,1,114
44898,15483,"work",1,true,1,1840857,"work",,7,"WALK",3.337222389960521,14726857,114,52
44898,15483,"work",1,false,1,1840857,"home",,17,"WALK",3.3372223921260384,14726861,52,114
44899,15483,"work",1,true,1,1840898,"work",,8,"WALK",2.8698224336548224,14727185,114,51
44899,15483,"work",1,false,1,1840898,"home",,16,"WALK",2.86982252632715,14727189,51,114
50026,17367,"work",1,true,1,2051105,"work",,7,"WALK",2.3521252768730223,16408841,22,16
50026,17367,"work",1,false,1,2051105,"home",,21,"WALK",2.352125284762905,16408845,16,22
50027,17367,"escort",1,true,1,2051116,"escort",,15,"DRIVEALONEFREE",0.661045542277305,16408929,22,22
50027,17367,"escort",1,false,1,2051116,"home",,15,"SHARED2FREE",0.661045542277305,16408933,22,22
50027,17367,"escort",1,true,1,2051117,"escort",,17,"WALK",1.2704281175107017,16408937,22,22
50027,17367,"escort",1,false,4,2051117,"shopping",18.38507058936479,17,"WALK",1.2704041701421127,16408941,22,70
50027,17367,"escort",2,false,4,2051117,"othdiscr",20.80898845675115,17,"WALK",1.978561626255594,16408942,70,157
50027,17367,"escort",3,false,4,2051117,"shopping",25.020356979900175,18,"WALK",3.708322383239151,16408943,157,157
50027,17367,"escort",4,false,4,2051117,"home",,18,"WALK",3.7083202804902493,16408944,157,22
50028,17367,"school",1,true,1,2051179,"school",,9,"WALK",1.3544620192040482,16409433,22,140
50028,17367,"school",1,false,1,2051179,"home",,18,"WALK",1.354462016153503,16409437,140,22
50029,17367,"othdiscr",1,true,1,2051214,"othdiscr",,16,"WALK",1.3067528135306532,16409713,22,22
50029,17367,"othdiscr",1,false,1,2051214,"home",,19,"WALK",1.2372796879160213,16409717,22,22
50029,17367,"school",1,true,3,2051220,"escort",14.3784160499567,9,"WALK",2.3658935094582922,16409761,22,169
50029,17367,"school",2,true,3,2051220,"escort",18.1391151139944,10,"WALK",4.740014549334392,16409762,169,57
50029,17367,"school",3,true,3,2051220,"school",,11,"WALK",-0.38453077530028057,16409763,57,22
50029,17367,"school",1,false,1,2051220,"home",,15,"SHARED3FREE",-0.24326088672044724,16409765,22,22
51452,17826,"atwork",1,true,1,2109536,"atwork",,10,"WALK",3.9473024693326035,16876289,45,71
51452,17826,"atwork",1,false,1,2109536,"work",,10,"WALK",3.9473017364661094,16876293,71,45
51452,17826,"work",1,true,1,2109571,"work",,7,"WALK",2.734021060441444,16876569,22,45
51452,17826,"work",1,false,1,2109571,"home",,18,"WALK",2.734021118608803,16876573,45,22
51453,17826,"work",1,true,1,2109612,"work",,6,"WALK",0.38440705638511496,16876897,22,126
51453,17826,"work",1,false,1,2109612,"home",,19,"WALK",0.38440640551400374,16876901,126,22
51454,17826,"othdiscr",1,true,1,2109639,"othdiscr",,18,"WALK",1.270489512815079,16877113,22,22
51454,17826,"othdiscr",1,false,1,2109639,"home",,20,"WALK",1.2704976134354775,16877117,22,22
51454,17826,"school",1,true,1,2109645,"school",,7,"WALK",1.2192446044279557,16877161,22,129
51454,17826,"school",1,false,1,2109645,"home",,18,"WALK",1.2192451499604862,16877165,129,22
51455,17826,"escort",1,true,1,2109664,"escort",,11,"WALK",0.43168593591491794,16877313,22,22
51455,17826,"escort",1,false,1,2109664,"home",,14,"SHARED2FREE",0.38630612279998156,16877317,22,22
51455,17826,"othmaint",1,true,1,2109683,"othmaint",,15,"WALK",1.2626970519794034,16877465,22,48
51455,17826,"othmaint",1,false,1,2109683,"home",,22,"WALK",1.262701444650688,16877469,48,22
51456,17826,"othdiscr",1,true,1,2109721,"othdiscr",,10,"WALK",2.149750760862521,16877769,22,32
51456,17826,"othdiscr",1,false,1,2109721,"home",,22,"WALK",2.1497511046995186,16877773,32,22
79591,30170,"othdiscr",1,true,1,3263256,"othdiscr",,9,"WALK",2.424903136085049,26106049,30,40
79591,30170,"othdiscr",1,false,1,3263256,"home",,11,"WALK",2.4249031626180524,26106053,40,30
79591,30170,"othmaint",1,true,1,3263259,"othmaint",,12,"WALK",1.752101222613402,26106073,30,30
79591,30170,"othmaint",1,false,1,3263259,"home",,18,"WALK",1.75209998998004,26106077,30,30
79592,30170,"atwork",1,true,1,3263276,"atwork",,10,"WALK",4.53667615239199,26106209,71,64
79592,30170,"atwork",1,false,1,3263276,"work",,13,"WALK",4.536676152497915,26106213,64,71
79592,30170,"work",1,true,2,3263311,"shopping",25.21517254657508,8,"WALK",4.832378483950541,26106489,30,57
79592,30170,"work",2,true,2,3263311,"work",,8,"WALK",2.782566472181141,26106490,57,71
79592,30170,"work",1,false,2,3263311,"othmaint",27.065150556633593,23,"WALK",2.782566516442039,26106493,71,18
79592,30170,"work",2,false,2,3263311,"home",,23,"WALK",5.178119014793604,26106494,18,30
81697,31107,"atwork",1,true,1,3349577,"atwork",,12,"WALK",0.41643394335086714,26796617,69,69
81697,31107,"atwork",1,false,1,3349577,"work",,13,"WALK",0.41643394335086714,26796621,69,69
81697,31107,"work",1,true,1,3349616,"work",,8,"WALK",-0.001978774740816258,26796929,30,69
81697,31107,"work",1,false,1,3349616,"home",,17,"WALK",-0.0019778257824775536,26796933,69,30
81698,31107,"shopping",1,true,1,3349651,"shopping",,16,"WALK",3.892293765031959,26797209,30,122
81698,31107,"shopping",1,false,1,3349651,"home",,16,"WALK",3.8922928765179052,26797213,122,30
81698,31107,"work",1,true,1,3349657,"work",,6,"WALK",2.977364748850621,26797257,30,29
81698,31107,"work",1,false,1,3349657,"home",,10,"WALK",2.9773719465073443,26797261,29,30
81699,31107,"work",1,true,2,3349698,"escort",21.038592782397348,8,"WALK",4.5344648000122545,26797585,30,128
81699,31107,"work",2,true,2,3349698,"work",,8,"WALK",0.9431146144915628,26797586,128,180
81699,31107,"work",1,false,1,3349698,"home",,18,"WALK",0.9431235671475137,26797589,180,30
81701,31107,"school",1,true,1,3349772,"school",,7,"WALK",2.3067770574342985,26798177,30,30
81701,31107,"school",1,false,1,3349772,"home",,10,"WALK",2.3067806400057345,26798181,30,30
81702,31107,"school",1,true,1,3349813,"school",,9,"WALK",1.9850501771703288,26798505,30,162
81702,31107,"school",1,false,1,3349813,"home",,16,"WALK",1.985041385574764,26798509,162,30
81703,31107,"eatout",1,true,1,3349829,"eatout",,21,"WALK",2.155444412801692,26798633,30,158
81703,31107,"eatout",1,false,1,3349829,"home",,21,"WALK",2.155444003562759,26798637,158,30
81703,31107,"school",1,true,1,3349854,"school",,9,"WALK",1.420850604201063,26798833,30,82
81703,31107,"school",1,false,1,3349854,"home",,18,"WALK",1.42085098701775,26798837,82,30
84470,32001,"work",1,true,1,3463309,"work",,6,"WALK",2.282092092441237,27706473,18,6
84470,32001,"work",1,false,1,3463309,"home",,21,"WALK",2.282097130554436,27706477,6,18
84471,32001,"escort",1,true,1,3463320,"escort",,5,"WALK",4.321587051258109,27706561,18,55
84471,32001,"escort",1,false,1,3463320,"home",,5,"WALK",4.321587186479602,27706565,55,18
84471,32001,"escort",1,true,1,3463321,"escort",,8,"WALK",6.546834688604255,27706569,18,57
84471,32001,"escort",1,false,1,3463321,"home",,9,"WALK",6.546834668942611,27706573,57,18
84471,32001,"othmaint",1,true,1,3463339,"othmaint",,9,"WALK",2.573348100705729,27706713,18,169
84471,32001,"othmaint",1,false,1,3463339,"home",,13,"WALK",2.5733514151698493,27706717,169,18
84471,32001,"othmaint",1,true,1,3463340,"othmaint",,15,"WALK",0.8889187570935833,27706721,18,1
84471,32001,"othmaint",1,false,1,3463340,"home",,16,"WALK",0.8889087656182498,27706725,1,18
84472,32001,"othdiscr",1,true,1,3463377,"othdiscr",,7,"WALK",2.0204668222819095,27707017,18,39
84472,32001,"othdiscr",1,false,1,3463377,"home",,15,"WALK",2.020467061790404,27707021,39,18
84473,32001,"othdiscr",1,true,1,3463418,"othdiscr",,9,"WALK",6.666297216708445,27707345,18,5
84473,32001,"othdiscr",1,false,1,3463418,"home",,15,"WALK",6.666109855528881,27707349,5,18
90310,33924,"escort",1,true,1,3702719,"escort",,13,"TNC_SINGLE",-1.8049213222339746,29621753,57,1
90310,33924,"escort",1,false,1,3702719,"home",,18,"TNC_SINGLE",-2.5180703981135424,29621757,1,57
90311,33924,"work",1,true,1,3702790,"work",,6,"WALK",4.003395673713857,29622321,57,114
90311,33924,"work",1,false,1,3702790,"home",,21,"WALK",4.003397692316121,29622325,114,57
90312,33924,"social",1,true,2,3702828,"social",20.65363237956861,9,"BIKE",2.538545327061652,29622625,57,92
90312,33924,"social",2,true,2,3702828,"social",,9,"BIKE",0.6535438499451975,29622626,92,171
90312,33924,"social",1,false,1,3702828,"home",,16,"BIKE",0.6534996682897207,29622629,171,57
90313,33924,"escort",1,true,1,3702842,"escort",,8,"WALK",6.985296596124541,29622737,57,18
90313,33924,"escort",1,false,1,3702842,"home",,23,"WALK",6.985296682805921,29622741,18,57
92600,35103,"atwork",1,true,1,3796604,"atwork",,16,"WALK",2.684887737672834,30372833,176,176
92600,35103,"atwork",1,false,1,3796604,"work",,17,"WALK",2.684887737672834,30372837,176,176
92600,35103,"work",1,true,1,3796639,"work",,11,"WALK",1.787126258692406,30373113,26,176
92600,35103,"work",1,false,1,3796639,"home",,19,"WALK",1.7871188304119805,30373117,176,26
99409,38054,"othdiscr",1,true,1,4075794,"othdiscr",,19,"WALK",2.4128239685782633,32606353,154,62
99409,38054,"othdiscr",1,false,1,4075794,"home",,20,"WALK",2.412824396735759,32606357,62,154
99409,38054,"work",1,true,1,4075808,"work",,7,"WALK",1.0995719619683553,32606465,154,140
99409,38054,"work",1,false,1,4075808,"home",,18,"WALK",1.0995746960174966,32606469,140,154
99410,38054,"work",1,true,1,4075849,"work",,9,"WALK",1.0995719619683553,32606793,154,140
99410,38054,"work",1,false,1,4075849,"home",,19,"WALK",1.0995746960174966,32606797,140,154
101576,39109,"atwork",1,true,1,4164620,"atwork",,13,"WALK",0.2248446535522024,33316961,11,11
101576,39109,"atwork",1,false,1,4164620,"work",,13,"WALK",0.2248446535522024,33316965,11,11
101576,39109,"work",1,true,1,4164655,"work",,7,"WALK",-0.15297285004209096,33317241,125,11
101576,39109,"work",1,false,1,4164655,"home",,18,"WALK",-0.1529610877277435,33317245,11,125
102171,39372,"shopping",1,true,2,4189044,"othmaint",17.6518167540312,21,"WALK",2.2701770349632096,33512353,125,68
102171,39372,"shopping",2,true,2,4189044,"shopping",,21,"WALK",1.0358093315694297,33512354,68,125
102171,39372,"shopping",1,false,1,4189044,"home",,22,"WALK",1.0359450377193404,33512357,125,125
102171,39372,"work",1,true,1,4189050,"work",,8,"WALK",2.734021011225045,33512401,125,45
102171,39372,"work",1,false,4,4189050,"work",24.836350997309626,18,"WALK",2.7340376291599706,33512405,45,18
102171,39372,"work",2,false,4,4189050,"eatout",27.499627121629597,20,"WALK",5.178120383294041,33512406,18,58
102171,39372,"work",3,false,4,4189050,"othmaint",29.111848347450508,20,"WALK",5.795664983508723,33512407,58,19
102171,39372,"work",4,false,4,4189050,"home",,20,"WALK",4.052508902842321,33512408,19,125
102172,39372,"escort",1,true,1,4189061,"escort",,8,"TNC_SINGLE",-0.5488663504800046,33512489,125,125
102172,39372,"escort",1,false,1,4189061,"home",,9,"TNC_SINGLE",-0.5489508407040365,33512493,125,125
102172,39372,"shopping",1,true,1,4189085,"shopping",,12,"WALK",0.126489723980104,33512681,125,154
102172,39372,"shopping",1,false,1,4189085,"home",,14,"WALK",0.12648489952290673,33512685,154,125
102172,39372,"work",1,true,1,4189091,"work",,17,"WALK",0.4870194505247419,33512729,125,125
102172,39372,"work",1,false,1,4189091,"home",,20,"WALK",0.48703808385554365,33512733,125,125
102173,39372,"escort",1,true,1,4189102,"escort",,18,"WALK",0.3298536403043991,33512817,125,125
102173,39372,"escort",1,false,1,4189102,"home",,19,"SHARED2FREE",0.309736777678787,33512821,125,125
102173,39372,"school",1,true,1,4189124,"school",,7,"WALK",0.599719157271148,33512993,125,125
102173,39372,"school",1,false,1,4189124,"home",,15,"WALK",0.5997322987133201,33512997,125,125
104421,40156,"work",1,true,1,4281300,"work",,15,"BIKE",4.1651124448377015,34250401,125,102
104421,40156,"work",1,false,1,4281300,"home",,18,"BIKE",4.1651124448377,34250405,102,125
104422,40156,"shopping",1,true,1,4281335,"shopping",,17,"WALK",1.0358133879107865,34250681,125,125
104422,40156,"shopping",1,false,1,4281335,"home",,23,"WALK",1.03581481155608,34250685,125,125
104422,40156,"work",1,true,1,4281341,"work",,9,"WALK",1.358329835504047,34250729,125,141
104422,40156,"work",1,false,1,4281341,"home",,16,"WALK",1.3583298355041116,34250733,141,125
114238,43148,"work",1,true,1,4683797,"work",,6,"WALK",0.6717524682537735,37470377,109,22
114238,43148,"work",1,false,1,4683797,"home",,17,"WALK",0.6717527354713902,37470381,22,109
114239,43148,"work",1,true,1,4683838,"work",,9,"WALK",0.5512619298773541,37470705,109,109
114239,43148,"work",1,false,1,4683838,"home",,18,"WALK",0.5512653992495787,37470709,109,109
114240,43148,"school",1,true,1,4683871,"school",,8,"WALK",0.678858362762872,37470969,109,109
114240,43148,"school",1,false,1,4683871,"home",,18,"WALK",0.678860893225648,37470973,109,109
114241,43148,"school",1,true,1,4683912,"school",,7,"WALK",-0.31187593856084866,37471297,109,109
114241,43148,"school",1,false,1,4683912,"home",,13,"WALK",-0.32175625123381396,37471301,109,109
114241,43148,"shopping",1,true,3,4683914,"eatout",18.182011814200667,15,"WALK",1.6079971875788575,37471313,109,109
114241,43148,"shopping",2,true,3,4683914,"othmaint",17.92760690652695,15,"SHARED3FREE",1.5004160314838402,37471314,109,109
114241,43148,"shopping",3,true,3,4683914,"shopping",,15,"SHARED3FREE",1.505579828621586,37471315,109,109
114241,43148,"shopping",1,false,2,4683914,"social",17.688306415452157,16,"WALK",1.4743282359745924,37471317,109,109
114241,43148,"shopping",2,false,2,4683914,"home",,16,"WALK",1.574612758440067,37471318,109,109
120051,45653,"othdiscr",1,true,2,4922116,"shopping",16.61890173201894,8,"WALK",1.8156687814885384,39376929,109,41
120051,45653,"othdiscr",2,true,2,4922116,"othdiscr",,9,"WALK",1.1172693439565087,39376930,41,109
120051,45653,"othdiscr",1,false,1,4922116,"home",,15,"WALK",1.117339245081428,39376933,109,109
120052,45653,"othmaint",1,true,1,4922160,"othmaint",,8,"WALK",1.4709651594130229,39377281,109,76
120052,45653,"othmaint",1,false,1,4922160,"home",,8,"WALK",1.4709652324737637,39377285,76,109
120052,45653,"work",1,true,1,4922171,"work",,8,"WALK",1.4138377941831848,39377369,109,14
120052,45653,"work",1,false,1,4922171,"home",,18,"WALK",1.4138377946687988,39377373,14,109
120053,45653,"shopping",1,true,1,4922206,"shopping",,12,"WALK",1.117339245081428,39377649,109,109
120053,45653,"shopping",1,false,1,4922206,"home",,15,"WALK",1.117339245081428,39377653,109,109
120864,45976,"work",1,true,1,4955463,"work",,5,"BIKE",1.5643688764710373,39643705,20,162
120864,45976,"work",1,false,2,4955463,"shopping",18.559041606129796,16,"BIKE",1.5643987451974521,39643709,162,85
120864,45976,"work",2,false,2,4955463,"home",,16,"BIKE",4.328095894700977,39643710,85,20
122808,46746,"work",1,true,2,5035167,"eatout",21.540466947540445,5,"WALK",4.052508772188549,40281337,121,19
122808,46746,"work",2,true,2,5035167,"work",,7,"WALK",4.6405000673331624,40281338,19,72
122808,46746,"work",1,false,1,5035167,"home",,14,"WALK",4.64050003424112,40281341,72,121
122809,46746,"escort",1,true,1,5035178,"escort",,7,"WALK",1.003200406581918,40281425,121,121
122809,46746,"escort",1,false,1,5035178,"home",,10,"SHARED3FREE",1.0218456970488288,40281429,121,121
122809,46746,"escort",1,true,1,5035179,"escort",,18,"SHARED3FREE",1.012355802143867,40281433,121,121
122809,46746,"escort",1,false,1,5035179,"home",,20,"SHARED3FREE",1.0401166916593323,40281437,121,121
122809,46746,"othdiscr",1,true,1,5035194,"othdiscr",,12,"WALK",3.143150420158478,40281553,121,112
122809,46746,"othdiscr",1,false,1,5035194,"home",,14,"WALK",3.1431504230448977,40281557,112,121
122809,46746,"shopping",1,true,1,5035202,"shopping",,14,"DRIVEALONEFREE",0.3291569128356759,40281617,121,121
122809,46746,"shopping",1,false,1,5035202,"home",,14,"DRIVEALONEFREE",0.3291569128356759,40281621,121,121
122810,46746,"school",1,true,1,5035241,"school",,7,"WALK",-0.1162730205178962,40281929,121,121
122810,46746,"school",1,false,1,5035241,"home",,16,"WALK",-0.11626969183834789,40281933,121,121
122811,46746,"school",1,true,1,5035282,"school",,7,"WALK",2.070979116988419,40282257,121,26
122811,46746,"school",1,false,2,5035282,"social",20.886578542233554,17,"WALK",2.070979143385446,40282261,26,64
122811,46746,"school",2,false,2,5035282,"home",,17,"WALK",4.000092457129062,40282262,64,121
130013,49407,"work",1,true,1,5330572,"work",,8,"WALK",1.369763942274707,42644577,158,158
130013,49407,"work",1,false,1,5330572,"home",,17,"WALK",1.3697656207764974,42644581,158,158
130014,49407,"work",1,true,1,5330613,"work",,11,"WALK",1.2632134987579198,42644905,158,39
130014,49407,"work",1,false,1,5330613,"home",,19,"WALK",1.263207099542381,42644909,39,158
130015,49407,"othdiscr",1,true,1,5330640,"othdiscr",,17,"WALK",3.4014228398979123,42645121,158,16
130015,49407,"othdiscr",1,false,1,5330640,"home",,20,"WALK",3.4014234585429732,42645125,16,158
130015,49407,"school",1,true,1,5330646,"school",,8,"WALK",1.7416195551133764,42645169,158,14
130015,49407,"school",1,false,1,5330646,"home",,15,"WALK",1.7416309429556158,42645173,14,158
130016,49407,"atwork",1,true,1,5330660,"atwork",,10,"WALK",4.964036776620037,42645281,18,28
130016,49407,"atwork",1,false,1,5330660,"work",,10,"WALK",4.964036844363069,42645285,28,18
130016,49407,"shopping",1,true,1,5330689,"shopping",,17,"WALK",2.4621245424022216,42645513,158,162
130016,49407,"shopping",1,false,1,5330689,"home",,21,"WALK",2.462126387535591,42645517,162,158
130016,49407,"work",1,true,3,5330695,"othdiscr",30.916569611789278,8,"WALK",3.93133650032335,42645561,158,103
130016,49407,"work",2,true,3,5330695,"othmaint",31.47021016840547,8,"WALK",5.79566521972491,42645562,103,58
130016,49407,"work",3,true,3,5330695,"work",,9,"WALK",5.1781209188004285,42645563,58,18
130016,49407,"work",1,false,2,5330695,"work",32.34375887612419,17,"WALK",5.178120823309855,42645565,18,145
130016,49407,"work",2,false,2,5330695,"home",,17,"WALK",4.937861844896441,42645566,145,158
130017,49407,"escort",1,true,1,5330706,"escort",,9,"WALK",3.283797619694264,42645649,158,24
130017,49407,"escort",1,false,1,5330706,"home",,9,"WALK",3.283790996558741,42645653,24,158
130017,49407,"escort",1,true,1,5330707,"escort",,14,"WALK",1.6887138788159914,42645657,158,158
130017,49407,"escort",1,false,2,5330707,"escort",23.389623440062152,14,"WALK",1.4210165198269142,42645661,158,145
130017,49407,"escort",2,false,2,5330707,"home",,14,"WALK",5.677651188035738,42645662,145,158
130017,49407,"othdiscr",1,true,1,5330722,"othdiscr",,15,"BIKE",3.493823254069034,42645777,158,150
130017,49407,"othdiscr",1,false,1,5330722,"home",,17,"BIKE",3.4938228548828048,42645781,150,158
130017,49407,"shopping",1,true,1,5330730,"shopping",,14,"WALK",2.6848691056830694,42645841,158,176
130017,49407,"shopping",1,false,1,5330730,"home",,15,"WALK",2.6848688400437224,42645845,176,158
130018,49407,"univ",1,true,1,5330769,"univ",,7,"WALK",1.6872097486133946,42646153,158,158
130018,49407,"univ",1,false,1,5330769,"home",,14,"WALK",1.6872162594560942,42646157,158,158
130019,49407,"univ",1,true,1,5330810,"univ",,7,"WALK",1.6872097486133946,42646481,158,158
130019,49407,"univ",1,false,1,5330810,"home",,7,"WALK",1.6872097486133946,42646485,158,158
130020,49407,"school",1,true,1,5330851,"school",,8,"WALK",3.40861866059238,42646809,158,80
130020,49407,"school",1,false,1,5330851,"home",,18,"WALK",3.4086192521092644,42646813,80,158
130023,49407,"work",1,true,1,5330982,"work",,7,"WALK",0.24988251012511625,42647857,158,106
130023,49407,"work",1,false,1,5330982,"home",,17,"WALK",0.24988834281905115,42647861,106,158
131829,50052,"atwork",1,true,1,5404993,"atwork",,11,"TNC_SINGLE",0.477994875560664,43239945,77,77
131829,50052,"atwork",1,false,1,5404993,"work",,11,"TNC_SINGLE",0.477994875560664,43239949,77,77
131829,50052,"eatout",1,true,1,5405002,"eatout",,6,"WALK",0.9805913095484894,43240017,62,25
131829,50052,"eatout",1,false,1,5405002,"home",,6,"WALK",0.9805573828047449,43240021,25,62
131829,50052,"work",1,true,1,5405028,"work",,6,"WALK",1.1506797368491075,43240225,62,77
131829,50052,"work",1,false,1,5405028,"home",,14,"WALK",1.1506809352363807,43240229,77,62
131830,50052,"shopping",1,true,1,5405063,"shopping",,13,"WALK",6.303497693320278,43240505,62,72
131830,50052,"shopping",1,false,1,5405063,"home",,15,"WALK",6.30349767653644,43240509,72,62
131831,50052,"atwork",1,true,1,5405075,"atwork",,14,"WALK",2.0131510744867076,43240601,48,48
131831,50052,"atwork",1,false,1,5405075,"work",,14,"WALK",2.0131510744867076,43240605,48,48
131831,50052,"work",1,true,1,5405110,"work",,7,"WALK",1.257384189533393,43240881,62,48
131831,50052,"work",1,false,1,5405110,"home",,22,"WALK",1.25738504353834,43240885,48,62
132192,50166,"work",1,true,1,5419911,"work",,15,"WALK",1.3697151011177788,43359289,62,158
132192,50166,"work",1,false,1,5419911,"home",,20,"WALK",1.369691568225363,43359293,158,62
132194,50166,"work",1,true,1,5419993,"work",,9,"WALK",5.178119590796397,43359945,62,18
132194,50166,"work",1,false,2,5419993,"othdiscr",31.63009931876807,16,"WALK",5.178119795440376,43359949,18,72
132194,50166,"work",2,false,2,5419993,"home",,19,"WALK",4.640500655772369,43359950,72,62
137572,52289,"othdiscr",1,true,1,5640477,"othdiscr",,11,"WALK",5.5578189250451855,45123817,152,19
137572,52289,"othdiscr",1,false,1,5640477,"home",,14,"WALK",5.557819065191648,45123821,19,152
141590,54153,"shopping",1,true,1,5805223,"shopping",,10,"WALK",4.6546862726200695,46441785,152,89
141590,54153,"shopping",1,false,1,5805223,"home",,11,"WALK",4.654686302410959,46441789,89,152
141591,54153,"othdiscr",1,true,1,5805256,"othdiscr",,9,"WALK",3.4014225857012628,46442049,152,16
141591,54153,"othdiscr",1,false,1,5805256,"home",,14,"WALK",3.401423080684942,46442053,16,152
141591,54153,"othmaint",1,true,1,5805259,"othmaint",,17,"WALK",3.3896995347847465,46442073,152,103
141591,54153,"othmaint",1,false,1,5805259,"home",,22,"WALK",3.3897014202175972,46442077,103,152
141592,54153,"school",1,true,1,5805303,"school",,6,"WALK",0.9913922479271575,46442425,152,166
141592,54153,"school",1,false,1,5805303,"home",,12,"WALK",0.9913947168211694,46442429,166,152
141592,54153,"social",1,true,1,5805308,"social",,19,"WALK",1.3504203928164036,46442465,152,152
141592,54153,"social",1,false,1,5805308,"home",,20,"SHARED2FREE",1.3565894261706817,46442469,152,152
142682,54544,"work",1,true,1,5850001,"work",,7,"WALK",2.3521255763895668,46800009,152,16
142682,54544,"work",1,false,1,5850001,"home",,15,"WALK",2.3521264475149772,46800013,16,152
142683,54544,"work",1,true,1,5850042,"work",,5,"WALK",4.052509365304873,46800337,152,19
142683,54544,"work",1,false,1,5850042,"home",,18,"WALK",4.052509145279046,46800341,19,152
143324,54803,"work",1,true,1,5876323,"work",,13,"WALK",2.5560589057304517,47010585,52,54
143324,54803,"work",1,false,1,5876323,"home",,22,"WALK",2.556059926048084,47010589,54,52
143325,54803,"school",1,true,1,5876356,"school",,8,"WALK",5.188662858966978,47010849,52,102
143325,54803,"school",1,false,2,5876356,"escort",31.709764051572012,17,"WALK",5.1886628760134546,47010853,102,72
143325,54803,"school",2,false,2,5876356,"home",,17,"WALK",5.716252695265555,47010854,72,52
144339,55108,"work",1,true,1,5917938,"work",,12,"WALK",4.534460871622901,47343505,94,128
144339,55108,"work",1,false,1,5917938,"home",,21,"WALK",4.534460893215226,47343509,128,94
144340,55108,"work",1,true,1,5917979,"work",,7,"WALK",3.9313336778306094,47343833,94,103
144340,55108,"work",1,false,1,5917979,"home",,15,"WALK",3.931333730993554,47343837,103,94
151258,57231,"work",1,true,1,6201617,"work",,8,"WALK",2.560704879013827,49612937,72,149
151258,57231,"work",1,false,1,6201617,"home",,19,"WALK",2.5607048104335863,49612941,149,72
151259,57231,"work",1,true,1,6201658,"work",,7,"WALK",2.2820919454391118,49613265,72,6
151259,57231,"work",1,false,1,6201658,"home",,21,"WALK",2.282093609822296,49613269,6,72
151260,57231,"shopping",1,true,1,6201693,"shopping",,10,"WALK",1.5659675294852984,49613545,72,132
151260,57231,"shopping",1,false,1,6201693,"home",,10,"WALK",1.5659665684165147,49613549,132,72
151261,57231,"atwork",1,true,1,6201705,"atwork",,11,"WALK",4.865609708434967,49613641,114,53
151261,57231,"atwork",1,false,1,6201705,"work",,13,"WALK",4.865609656026845,49613645,53,114
151261,57231,"othdiscr",1,true,1,6201726,"othdiscr",,21,"WALK",1.9785615911941765,49613809,72,70
151261,57231,"othdiscr",1,false,1,6201726,"home",,23,"WALK",1.9785615907339273,49613813,70,72
151261,57231,"work",1,true,1,6201740,"work",,7,"WALK",4.003390514571461,49613921,72,114
151261,57231,"work",1,false,1,6201740,"home",,18,"WALK",4.003390483296447,49613925,114,72
155336,58876,"work",1,true,1,6368815,"work",,8,"WALK",2.404145709223885,50950521,6,119
155336,58876,"work",1,false,1,6368815,"home",,19,"WALK",2.404137493690723,50950525,119,6
155338,58876,"work",1,true,1,6368897,"work",,8,"WALK",4.9378612962719135,50951177,6,145
155338,58876,"work",1,false,1,6368897,"home",,16,"WALK",4.937861475307802,50951181,145,6
155339,58876,"work",1,true,1,6368938,"work",,7,"WALK",2.8698299556156814,50951505,6,51
155339,58876,"work",1,false,1,6368938,"home",,18,"WALK",2.8698287726441523,50951509,51,6
162845,62109,"escort",1,true,1,6676654,"escort",,8,"WALK",3.200006162529044,53413233,147,27
162845,62109,"escort",1,false,1,6676654,"home",,18,"WALK",3.2000083712930585,53413237,27,147
162845,62109,"shopping",1,true,2,6676678,"shopping",34.633837274640705,18,"WALK",6.303497810858799,53413425,147,72
162845,62109,"shopping",2,true,2,6676678,"shopping",,19,"WALK",5.2146016844300656,53413426,72,94
162845,62109,"shopping",1,false,1,6676678,"home",,19,"WALK",5.214601732725893,53413429,94,147
162846,62109,"work",1,true,2,6676725,"othmaint",29.377901018476013,19,"WALK",4.499250342091961,53413801,147,15
162846,62109,"work",2,true,2,6676725,"work",,19,"WALK",4.500079099787552,53413802,15,15
162846,62109,"work",1,false,1,6676725,"home",,22,"WALK",4.500704648306624,53413805,15,147
162847,62109,"school",1,true,1,6676758,"school",,18,"WALK",1.1145647869034538,53414065,147,132
162847,62109,"school",1,false,1,6676758,"home",,21,"WALK",1.114564815527083,53414069,132,147
169591,64114,"shopping",1,true,1,6953264,"shopping",,13,"DRIVEALONEFREE",0.8412733732338429,55626113,165,165
169591,64114,"shopping",1,false,3,6953264,"shopping",19.918164871316936,13,"WALK",0.03361739777528308,55626117,165,5
169591,64114,"shopping",2,false,3,6953264,"shopping",29.976396738996574,13,"WALK",5.222099668880857,55626118,5,147
169591,64114,"shopping",3,false,3,6953264,"home",,13,"DRIVEALONEFREE",2.227887499706759,55626119,147,165
169592,64114,"work",1,true,1,6953311,"work",,5,"WALK",0.6717643230421831,55626489,165,22
169592,64114,"work",1,false,1,6953311,"home",,18,"WALK",0.6717538642693214,55626493,22,165
169594,64114,"atwork",1,true,1,6953358,"atwork",,11,"WALK",2.793355005042917,55626865,162,30
169594,64114,"atwork",1,false,2,6953358,"eatout",29.7090855698337,13,"WALK",2.793356914355749,55626869,30,145
169594,64114,"atwork",2,false,2,6953358,"work",,13,"WALK",6.680605762616933,55626870,145,162
169594,64114,"work",1,true,1,6953393,"work",,5,"DRIVEALONEFREE",0.9260251641210637,55627145,165,162
169594,64114,"work",1,false,2,6953393,"social",19.095117166688784,17,"WALK",0.8948576780710351,55627149,162,72
169594,64114,"work",2,false,2,6953393,"home",,17,"WALK",3.806259318399645,55627150,72,165
169595,64114,"work",1,true,1,6953434,"work",,6,"WALK",0.4775103988019492,55627473,165,165
169595,64114,"work",1,false,1,6953434,"home",,13,"WALK",0.47753351663822224,55627477,165,165
169595,64114,"work",1,true,1,6953435,"work",,13,"DRIVEALONEFREE",0.41411453922334884,55627481,165,165
169595,64114,"work",1,false,1,6953435,"home",,20,"WALK",0.41887815486006497,55627485,165,165
169596,64114,"othdiscr",1,true,1,6953461,"othdiscr",,12,"WALK",0.7940170248390932,55627689,165,163
169596,64114,"othdiscr",1,false,1,6953461,"home",,13,"WALK",0.7461272270458913,55627693,163,165
169596,64114,"shopping",1,true,1,6953469,"shopping",,10,"WALK",6.169020789990707,55627753,165,128
169596,64114,"shopping",1,false,1,6953469,"home",,11,"WALK",6.169020730210678,55627757,128,165
169597,64114,"school",1,true,1,6953508,"school",,7,"WALK",0.5879583031490716,55628065,165,165
169597,64114,"school",1,false,1,6953508,"home",,17,"WALK",0.5879623065056742,55628069,165,165
169917,64207,"atwork",1,true,1,6966601,"atwork",,11,"WALK",3.7083265421596368,55732809,90,157
169917,64207,"atwork",1,false,1,6966601,"work",,11,"WALK",3.708326865065851,55732813,157,90
169917,64207,"othdiscr",1,true,1,6966612,"othdiscr",,8,"WALK",1.5984056916321023,55732897,115,107
169917,64207,"othdiscr",1,false,1,6966612,"home",,8,"WALK",1.5835430420753678,55732901,107,115
169917,64207,"work",1,true,1,6966636,"work",,8,"WALK",0.6966343571854092,55733089,115,90
169917,64207,"work",1,false,1,6966636,"home",,17,"WALK",0.6966358029727052,55733093,90,115
169918,64207,"atwork",1,true,3,6966642,"work",29.254203324850057,11,"WALK",5.557818920317333,55733137,7,19
169918,64207,"atwork",2,true,3,6966642,"shopping",29.330281939050415,11,"WALK",7.768456487698005,55733138,19,58
169918,64207,"atwork",3,true,3,6966642,"atwork",,11,"WALK",2.4680531225699225,55733139,58,61
169918,64207,"atwork",1,false,1,6966642,"work",,11,"WALK",2.468059455607246,55733141,61,7
169918,64207,"escort",1,true,1,6966647,"escort",,8,"WALK",4.865609657222329,55733177,115,53
169918,64207,"escort",1,false,1,6966647,"home",,9,"WALK",4.8656095835643365,55733181,53,115
169918,64207,"work",1,true,2,6966677,"othmaint",22.84204873969378,10,"WALK",5.795665251742615,55733417,115,58
169918,64207,"work",2,true,2,6966677,"work",,10,"WALK",1.2973603909688456,55733418,58,7
169918,64207,"work",1,false,2,6966677,"work",23.27967280769651,16,"WALK",1.2973369320788752,55733421,7,85
169918,64207,"work",2,false,2,6966677,"home",,19,"WALK",4.375182693646854,55733422,85,115
169919,64207,"school",1,true,1,6966710,"school",,8,"WALK",3.6713995996229225,55733681,115,43
169919,64207,"school",1,false,1,6966710,"home",,15,"WALK",3.671400469746706,55733685,43,115
169919,64207,"social",1,true,1,6966715,"social",,16,"WALK",1.1116329986667008,55733721,115,143
169919,64207,"social",1,false,1,6966715,"home",,19,"WALK",1.111632286694529,55733725,143,115
169920,64207,"school",1,true,1,6966751,"school",,8,"WALK",1.2192446858281678,55734009,115,129
169920,64207,"school",1,false,1,6966751,"home",,18,"WALK",1.219244607944643,55734013,129,115
171650,64668,"shopping",1,true,1,7037683,"shopping",,12,"WALK",2.0783183061356154,56301465,59,99
171650,64668,"shopping",1,false,1,7037683,"home",,15,"WALK",2.0783183344449254,56301469,99,59
171651,64668,"escort",1,true,1,7037700,"escort",,14,"WALK",1.8805919848438133,56301601,59,163
171651,64668,"escort",1,false,1,7037700,"home",,17,"WALK",1.880590987357494,56301605,163,59
171652,64668,"work",1,true,1,7037771,"work",,8,"WALK",2.560704604393842,56302169,59,149
171652,64668,"work",1,false,1,7037771,"home",,17,"WALK",2.5607047167226904,56302173,149,59
171653,64668,"social",1,true,1,7037809,"social",,9,"WALK",3.613112457504771,56302473,59,102
171653,64668,"social",1,false,2,7037809,"social",26.29492100055878,14,"WALK",3.6131168210432003,56302477,102,72
171653,64668,"social",2,false,2,7037809,"home",,14,"WALK",3.953807290908298,56302478,72,59
171654,64668,"school",1,true,1,7037845,"school",,12,"WALK",0.7708687781807662,56302761,59,120
171654,64668,"school",1,false,1,7037845,"home",,14,"WALK",0.7708668499444453,56302765,120,59
171654,64668,"school",1,true,1,7037846,"school",,16,"WALK",0.7708676013393829,56302769,59,120
171654,64668,"school",1,false,3,7037846,"othdiscr",24.89232683126026,17,"WALK",0.7708664598158173,56302773,120,58
171654,64668,"school",2,false,3,7037846,"othmaint",34.225674690197096,18,"WALK",7.139205232713893,56302774,58,103
171654,64668,"school",3,false,3,7037846,"home",,19,"WALK",4.842688356909855,56302775,103,59
178462,66935,"atwork",1,true,1,7316946,"atwork",,11,"SHARED3FREE",3.2196527548518405,58535569,14,14
178462,66935,"atwork",1,false,1,7316946,"work",,11,"WALK",3.2196527548518405,58535573,14,14
178462,66935,"work",1,true,1,7316981,"work",,7,"WALK",1.413837797488065,58535849,107,14
178462,66935,"work",1,false,1,7316981,"home",,17,"WALK",1.413837799339884,58535853,14,107
190458,73174,"work",1,true,1,7808817,"work",,20,"WALK",4.640502048303656,62470537,135,72
190458,73174,"work",1,false,1,7808817,"home",,23,"WALK",4.640502974036573,62470541,72,135
190459,73174,"escort",1,true,1,7808828,"escort",,15,"SHARED3FREE",1.5083406697652781,62470625,135,163
190459,73174,"escort",1,false,3,7808828,"eatout",21.30033603843214,15,"WALK",1.1850053349952134,62470629,163,103
190459,73174,"escort",2,false,3,7808828,"othmaint",30.01466662741693,15,"WALK",4.40853930560268,62470630,103,72
190459,73174,"escort",3,false,3,7808828,"home",,15,"WALK",5.302740863026682,62470631,72,135
190459,73174,"escort",1,true,1,7808829,"escort",,15,"WALK",2.0204829179029398,62470633,135,39
190459,73174,"escort",1,false,1,7808829,"home",,15,"WALK",2.0204909772781634,62470637,39,135
190460,73174,"school",1,true,1,7808891,"school",,16,"WALK",1.1710934191542002,62471129,135,135
190460,73174,"school",1,false,1,7808891,"home",,20,"WALK",1.1711042760019088,62471133,135,135
190461,73174,"eatout",1,true,1,7808907,"eatout",,18,"WALK",6.546834418340158,62471257,135,57
190461,73174,"eatout",1,false,1,7808907,"home",,20,"WALK",6.546834488294429,62471261,57,135
190461,73174,"school",1,true,1,7808932,"school",,7,"WALK",1.1710913477415532,62471457,135,135
190461,73174,"school",1,false,1,7808932,"home",,13,"WALK",1.1711020361938282,62471461,135,135
190462,73174,"escort",1,true,1,7808951,"escort",,6,"WALK",1.6347512030369034,62471609,135,119
190462,73174,"escort",1,false,2,7808951,"othdiscr",21.274378305212203,9,"WALK",1.5134717927715553,62471613,119,103
190462,73174,"escort",2,false,2,7808951,"home",,9,"WALK",3.369530790532045,62471614,103,135
190462,73174,"escort",1,true,1,7808952,"escort",,12,"WALK",4.964034969104594,62471617,135,28
190462,73174,"escort",1,false,1,7808952,"home",,21,"WALK",4.964035275805603,62471621,28,135
190463,73174,"work",1,true,1,7809022,"work",,8,"WALK",3.3403621179188963,62472177,135,89
190463,73174,"work",1,false,1,7809022,"home",,18,"WALK",3.3403620958779663,62472181,89,135
190464,73174,"work",1,true,1,7809063,"work",,7,"WALK",1.8928108163599342,62472505,135,98
190464,73174,"work",1,false,1,7809063,"home",,20,"WALK",1.8928150069845624,62472509,98,135
197347,75390,"escort",1,true,1,8091236,"escort",,11,"WALK",3.338609744319062,64729889,113,46
197347,75390,"escort",1,false,1,8091236,"home",,11,"WALK",3.3386070315679675,64729893,46,113
197347,75390,"shopping",1,true,1,8091260,"shopping",,12,"WALK",3.6600275404253493,64730081,113,54
197347,75390,"shopping",1,false,1,8091260,"home",,15,"WALK",3.6600275000804245,64730085,54,113
197347,75390,"social",1,true,1,8091263,"social",,17,"WALK",3.6131255307404597,64730105,113,102
197347,75390,"social",1,false,1,8091263,"home",,17,"WALK",3.6131244033197474,64730109,102,113
197348,75390,"work",1,true,1,8091307,"work",,6,"WALK",1.603512866159928,64730457,113,62
197348,75390,"work",1,false,1,8091307,"home",,17,"WALK",1.6035193039859568,64730461,62,113
197349,75390,"work",1,true,1,8091348,"work",,7,"WALK",1.6353747635823719,64730785,113,33
197349,75390,"work",1,false,1,8091348,"home",,18,"WALK",1.6353759807371326,64730789,33,113
197350,75390,"othdiscr",1,true,1,8091375,"othdiscr",,14,"BIKE",1.275243221842349,64731001,113,37
197350,75390,"othdiscr",1,false,1,8091375,"home",,18,"BIKE",1.2752166602775772,64731005,37,113
197350,75390,"othdiscr",1,true,1,8091376,"othdiscr",,18,"WALK",3.5110774410554413,64731009,113,67
197350,75390,"othdiscr",1,false,1,8091376,"home",,18,"WALK",3.511077082746637,64731013,67,113
197350,75390,"school",1,true,1,8091381,"school",,7,"WALK",1.4202557550334662,64731049,113,163
197350,75390,"school",1,false,1,8091381,"home",,12,"WALK",1.4202815215534321,64731053,163,113
197351,75390,"othdiscr",1,true,2,8091416,"eatout",18.17781762180029,7,"WALK",4.412254676409929,64731329,113,58
197351,75390,"othdiscr",2,true,2,8091416,"othdiscr",,8,"WALK",-0.2252926180400594,64731330,58,99
197351,75390,"othdiscr",1,false,1,8091416,"home",,16,"TNC_SINGLE",-0.18444491604899177,64731333,99,113
199598,76239,"shopping",1,true,1,8183551,"shopping",,18,"WALK",2.020472025014702,65468409,163,39
199598,76239,"shopping",1,false,1,8183551,"home",,21,"WALK",2.020478318400722,65468413,39,163
199599,76239,"escort",1,true,1,8183568,"escort",,7,"WALK",2.3534187754538505,65468545,163,24
199599,76239,"escort",1,false,1,8183568,"home",,7,"WALK",2.3621874240457967,65468549,24,163
199599,76239,"othdiscr",1,true,1,8183584,"othdiscr",,10,"WALK",4.964034270728425,65468673,163,28
199599,76239,"othdiscr",1,false,1,8183584,"home",,11,"WALK",4.9640341949527835,65468677,28,163
199600,76239,"school",1,true,1,8183631,"school",,9,"WALK",0.3193121621156906,65469049,163,17
199600,76239,"school",1,false,1,8183631,"home",,17,"WALK",0.3193110129070515,65469053,17,163
199601,76239,"school",1,true,1,8183672,"school",,8,"WALK",2.306727961748526,65469377,163,30
199601,76239,"school",1,false,1,8183672,"home",,15,"WALK",2.306728678936132,65469381,30,163
232356,89753,"othmaint",1,true,1,9526624,"othmaint",,13,"WALK",0.730604747368073,76212993,19,139
232356,89753,"othmaint",1,false,1,9526624,"home",,14,"DRIVEALONEFREE",0.6943209121532286,76212997,139,19
232356,89753,"shopping",1,true,3,9526629,"shopping",34.174617796344116,14,"WALK",5.967026604776258,76213033,19,85
232356,89753,"shopping",2,true,3,9526629,"othdiscr",36.004825165677566,14,"WALK",7.768456525933164,76213034,85,58
232356,89753,"shopping",3,true,3,9526629,"shopping",,15,"WALK",5.557818926962573,76213035,58,19
232356,89753,"shopping",1,false,1,9526629,"home",,15,"WALK",5.557820526043018,76213037,19,19
232356,89753,"shopping",1,true,1,9526630,"shopping",,17,"WALK",2.6234270790949914,76213041,19,93
232356,89753,"shopping",1,false,1,9526630,"home",,17,"WALK",2.6234246136589494,76213045,93,19
237763,92113,"atwork",1,true,1,9748287,"atwork",,11,"WALK",6.169020681578368,77986297,82,128
237763,92113,"atwork",1,false,1,9748287,"work",,14,"WALK",6.16902068545019,77986301,128,82
237763,92113,"work",1,true,1,9748322,"work",,5,"WALK",1.1534616023345705,77986577,19,82
237763,92113,"work",1,false,1,9748322,"home",,18,"WALK",1.1534579897514723,77986581,82,19
242185,93764,"work",1,true,1,9929624,"work",,9,"WALK",2.4390178841209895,79436993,140,150
242185,93764,"work",1,false,1,9929624,"home",,17,"WALK",2.4390178328767247,79436997,150,140
242186,93764,"escort",1,true,1,9929635,"escort",,12,"WALK",1.8129933375480922,79437081,140,140
242186,93764,"escort",1,false,1,9929635,"home",,21,"WALK",1.8129942549965155,79437085,140,140
242187,93764,"school",1,true,1,9929698,"school",,7,"DRIVEALONEFREE",-0.3350894496718479,79437585,140,140
242187,93764,"school",1,false,1,9929698,"home",,15,"DRIVEALONEFREE",-0.775664214853136,79437589,140,140
242188,93764,"escort",1,true,1,9929717,"escort",,15,"SHARED2FREE",0.6164270521814423,79437737,140,140
242188,93764,"escort",1,false,2,9929717,"shopping",13.784974739874068,16,"WALK",0.023266691957103864,79437741,140,129
242188,93764,"escort",2,false,2,9929717,"home",,16,"WALK",0.01717054931280944,79437742,129,140
242188,93764,"school",1,true,1,9929739,"school",,7,"WALK",1.3544985798055567,79437913,140,140
242188,93764,"school",1,false,1,9929739,"home",,15,"WALK",1.3545034526179989,79437917,140,140
242189,93764,"school",1,true,1,9929780,"school",,7,"WALK",2.1928334026347565,79438241,140,152
242189,93764,"school",1,false,1,9929780,"home",,15,"WALK",2.1928334163148486,79438245,152,140
242190,93764,"escort",1,true,1,9929799,"escort",,8,"WALK",1.812989037463972,79438393,140,140
242190,93764,"escort",1,false,1,9929799,"home",,12,"WALK",1.8129933375480922,79438397,140,140
242190,93764,"othmaint",1,true,1,9929818,"othmaint",,14,"WALK",1.5380045510297398,79438545,140,62
242190,93764,"othmaint",1,false,1,9929818,"home",,14,"WALK",1.5380042537186633,79438549,62,140
242190,93764,"shopping",1,true,1,9929823,"shopping",,16,"WALK",1.812989860610888,79438585,140,140
242190,93764,"shopping",1,false,1,9929823,"home",,18,"WALK",1.812989860610888,79438589,140,140
254221,98526,"atwork",1,true,1,10423065,"atwork",,11,"WALK",6.303498277267689,83384521,14,72
254221,98526,"atwork",1,false,1,10423065,"work",,11,"WALK",6.303498160168214,83384525,72,14
254221,98526,"work",1,true,1,10423100,"work",,8,"WALK",1.413937805642536,83384801,53,14
254221,98526,"work",1,false,1,10423100,"home",,17,"WALK",1.4139286543105958,83384805,14,53
254223,98526,"work",1,true,1,10423182,"work",,9,"WALK",2.282099933718733,83385457,53,6
254223,98526,"work",1,false,1,10423182,"home",,20,"WALK",2.2821124507338437,83385461,6,53
258717,100239,"work",1,true,1,10607436,"work",,13,"WALK",3.3403689559575067,84859489,89,89
258717,100239,"work",1,false,1,10607436,"home",,23,"WALK",3.3403691088673453,84859493,89,89
258718,100239,"atwork",1,true,1,10607461,"atwork",,10,"WALK",2.818925340603047,84859689,19,98
258718,100239,"atwork",1,false,2,10607461,"othmaint",29.560212199919235,16,"WALK",2.818924852993938,84859693,98,18
258718,100239,"atwork",2,false,2,10607461,"work",,16,"WALK",6.985296202374681,84859694,18,19
258718,100239,"work",1,true,1,10607477,"work",,7,"WALK",4.052508777071059,84859817,89,19
258718,100239,"work",1,false,1,10607477,"home",,18,"WALK",4.052508767357548,84859821,19,89
259062,100331,"atwork",1,true,1,10621546,"atwork",,10,"WALK",1.2704058467664747,84972369,166,22
259062,100331,"atwork",1,false,1,10621546,"work",,13,"WALK",1.2704064593996638,84972373,22,166
259062,100331,"shopping",1,true,1,10621575,"shopping",,5,"WALK",4.19581381804847,84972601,89,89
259062,100331,"shopping",1,false,1,10621575,"home",,5,"WALK",4.19581381804847,84972605,89,89
259062,100331,"shopping",1,true,1,10621576,"shopping",,7,"WALK",5.557817813942998,84972609,89,19
259062,100331,"shopping",1,false,1,10621576,"home",,7,"WALK",5.557817799190925,84972613,19,89
259062,100331,"work",1,true,1,10621581,"work",,8,"WALK",1.1189515050045236,84972649,89,166
259062,100331,"work",1,false,2,10621581,"work",23.598417995881807,22,"WALK",1.1323258007232202,84972653,166,89
259062,100331,"work",2,false,2,10621581,"home",,22,"WALK",3.4953819200587732,84972654,89,89
259063,100331,"escort",1,true,1,10621592,"escort",,12,"WALK",3.139085318800935,84972737,89,169
259063,100331,"escort",1,false,2,10621592,"othmaint",28.46271071940688,13,"WALK",3.131067775145163,84972741,169,58
259063,100331,"escort",2,false,2,10621592,"home",,13,"WALK",6.761973880757778,84972742,58,89
259063,100331,"shopping",1,true,1,10621616,"shopping",,10,"WALK",3.9473002856955275,84972929,89,71
259063,100331,"shopping",1,false,1,10621616,"home",,11,"WALK",3.947300265627636,84972933,71,89
259064,100331,"school",1,true,1,10621655,"school",,8,"WALK",5.188662621170139,84973241,89,102
259064,100331,"school",1,false,1,10621655,"home",,16,"WALK",5.18866262305284,84973245,102,89
259065,100331,"school",1,true,1,10621696,"school",,7,"WALK",4.114722117618091,84973569,89,89
259065,100331,"school",1,false,1,10621696,"home",,12,"WALK",4.114722523599999,84973573,89,89
259065,100331,"school",1,true,1,10621697,"school",,13,"WALK",4.114722523599999,84973577,89,89
259065,100331,"school",1,false,1,10621697,"home",,13,"WALK",4.114722523599999,84973581,89,89
259065,100331,"shopping",1,true,1,10621698,"shopping",,14,"WALK",4.571123912198689,84973585,89,89
259065,100331,"shopping",1,false,3,10621698,"othmaint",30.44924079644065,14,"WALK",4.563809844265462,84973589,89,89
259065,100331,"shopping",2,false,3,10621698,"othmaint",33.14931369682738,14,"WALK",4.551473037168075,84973590,89,58
259065,100331,"shopping",3,false,3,10621698,"home",,14,"WALK",7.657234123050037,84973591,58,89
264194,102307,"shopping",1,true,1,10831987,"shopping",,8,"WALK",4.102647929900228,86655897,112,169
264194,102307,"shopping",1,false,1,10831987,"home",,14,"WALK",4.1026491676178996,86655901,169,112
265760,103277,"othdiscr",1,true,1,10896185,"othdiscr",,15,"WALK",1.8119067398561663,87169481,112,63
265760,103277,"othdiscr",1,false,1,10896185,"home",,23,"WALK",1.811906790148625,87169485,63,112
265761,103277,"escort",1,true,1,10896210,"escort",,14,"WALK",3.1431551625705176,87169681,112,112
265761,103277,"escort",1,false,1,10896210,"home",,15,"WALK",3.1431551625705176,87169685,112,112
266445,103650,"shopping",1,true,1,10924278,"shopping",,13,"WALK",2.0130910539323272,87394225,118,48
266445,103650,"shopping",1,false,1,10924278,"home",,13,"WALK",2.0130910526360593,87394229,48,118
269232,104810,"social",1,true,1,11038533,"social",,16,"WALK",0.800532085334794,88308265,157,22
269232,104810,"social",1,false,1,11038533,"home",,18,"WALK",0.7997362823065253,88308269,22,157
269233,104810,"work",1,true,1,11038592,"work",,6,"WALK",1.6561748831140297,88308737,157,141
269233,104810,"work",1,false,1,11038592,"home",,16,"WALK",1.6659744727910197,88308741,141,157
276794,108050,"shopping",1,true,1,11348587,"shopping",,9,"WALK",3.2837884651261686,90788697,157,24
276794,108050,"shopping",1,false,1,11348587,"home",,11,"WALK",3.2837884694429995,90788701,24,157
276795,108050,"escort",1,true,1,11348604,"escort",,10,"WALK",3.7083266250020133,90788833,157,157
276795,108050,"escort",1,false,1,11348604,"home",,10,"WALK",3.7083266250020133,90788837,157,157
276795,108050,"escort",1,true,1,11348605,"escort",,12,"WALK",0.7544044326832853,90788841,157,175
276795,108050,"escort",1,false,1,11348605,"home",,12,"WALK",0.7319554209173557,90788845,175,157
276795,108050,"shopping",1,true,1,11348628,"shopping",,14,"WALK",1.6737397058958032,90789025,157,129
276795,108050,"shopping",1,false,1,11348628,"home",,15,"WALK",1.673739180078423,90789029,129,157
276796,108050,"othdiscr",1,true,1,11348661,"othdiscr",,13,"WALK",3.7083238821534614,90789289,157,157
276796,108050,"othdiscr",1,false,1,11348661,"home",,15,"WALK",3.7083238821534614,90789293,157,157
276796,108050,"othdiscr",1,true,1,11348662,"othdiscr",,15,"WALK",1.7801924548482009,90789297,157,35
276796,108050,"othdiscr",1,false,1,11348662,"home",,18,"WALK",1.7801906639719371,90789301,35,157
276796,108050,"school",1,true,1,11348667,"school",,8,"WALK",1.871394498558049,90789337,157,76
276796,108050,"school",1,false,1,11348667,"home",,8,"WALK",1.8713944981714916,90789341,76,157
276797,108050,"othdiscr",1,true,1,11348702,"othdiscr",,18,"WALK",1.7801914008097446,90789617,157,35
276797,108050,"othdiscr",1,false,1,11348702,"home",,21,"WALK",1.7801915427600399,90789621,35,157
276797,108050,"school",1,true,1,11348708,"school",,7,"WALK",3.195493643195777,90789665,157,157
276797,108050,"school",1,false,1,11348708,"home",,17,"WALK",3.195493774518336,90789669,157,157
276798,108050,"othdiscr",1,true,1,11348743,"othdiscr",,18,"WALK",1.7801943277413994,90789945,157,35
276798,108050,"othdiscr",1,false,1,11348743,"home",,18,"WALK",1.7801924873856616,90789949,35,157
276800,108050,"escort",1,true,1,11348809,"escort",,6,"WALK",2.684866453364805,90790473,157,176
276800,108050,"escort",1,false,1,11348809,"home",,17,"WALK",2.68486645298654,90790477,176,157
276800,108050,"escort",1,true,1,11348810,"escort",,17,"WALK",1.6737380420603398,90790481,157,129
276800,108050,"escort",1,false,1,11348810,"home",,17,"WALK",1.673737723296584,90790485,129,157
276800,108050,"shopping",1,true,1,11348833,"shopping",,20,"WALK",2.2701763765449177,90790665,157,68
276800,108050,"shopping",1,false,1,11348833,"home",,23,"WALK",2.2701763243403623,90790669,68,157
276800,108050,"shopping",1,true,1,11348834,"shopping",,23,"WALK",1.0458533971881459,90790673,157,142
276800,108050,"shopping",1,false,1,11348834,"home",,23,"WALK",1.0458596393118544,90790677,142,157
276801,108050,"work",1,true,2,11348880,"shopping",25.90189240496902,6,"WALK",4.052508890937789,90791041,157,19
276801,108050,"work",2,true,2,11348880,"work",,8,"WALK",4.052513902876743,90791042,19,19
276801,108050,"work",1,false,2,11348880,"escort",27.51878474172206,16,"WALK",4.052509389473314,90791045,19,58
276801,108050,"work",2,false,2,11348880,"home",,16,"WALK",5.795664627805555,90791046,58,157
276802,108050,"work",1,true,1,11348921,"work",,6,"WALK",1.073739076288469,90791369,157,35
276802,108050,"work",1,false,1,11348921,"home",,17,"WALK",1.07373720126606,90791373,35,157
287724,112678,"work",1,true,1,11796723,"work",,18,"WALK",0.4432409178038812,94373785,25,25
287724,112678,"work",1,false,1,11796723,"home",,23,"WALK",0.4432553892805128,94373789,25,25
287725,112678,"atwork",1,true,1,11796729,"atwork",,14,"WALK",1.116357146728289,94373833,10,10
287725,112678,"atwork",1,false,1,11796729,"work",,14,"WALK",1.116357146728289,94373837,10,10
287725,112678,"work",1,true,1,11796764,"work",,8,"WALK",0.5502201225269692,94374113,25,10
287725,112678,"work",1,false,1,11796764,"home",,18,"WALK",0.5502201219541155,94374117,10,25
287726,112678,"escort",1,true,1,11796775,"escort",,15,"SHARED2FREE",0.6192759132789564,94374201,25,25
287726,112678,"escort",1,false,1,11796775,"home",,15,"DRIVEALONEFREE",0.6192759132789564,94374205,25,25
292868,114484,"othmaint",1,true,1,12007616,"othmaint",,7,"WALK",0.5054967311667974,96060929,146,146
292868,114484,"othmaint",1,false,3,12007616,"shopping",17.53695288557913,12,"WALK",0.5051490798444319,96060933,146,162
292868,114484,"othmaint",2,false,3,12007616,"shopping",22.03485035055318,12,"WALK",1.5444044307508085,96060934,162,74
292868,114484,"othmaint",3,false,3,12007616,"home",,12,"WALK",2.75384712412261,96060935,74,146
292869,114484,"eatout",1,true,1,12007635,"eatout",,15,"WALK",5.557817798436792,96061081,146,19
292869,114484,"eatout",1,false,1,12007635,"home",,15,"WALK",5.557817806866984,96061085,19,146
292869,114484,"shopping",1,true,1,12007662,"shopping",,10,"WALK",0.8054892056841083,96061297,146,146
292869,114484,"shopping",1,false,1,12007662,"home",,12,"WALK",0.8054892056841083,96061301,146,146
292869,114484,"work",1,true,1,12007668,"work",,6,"WALK",2.5028875930369083,96061345,146,16
292869,114484,"work",1,false,1,12007668,"home",,10,"WALK",2.5169370024649984,96061349,16,146
299099,116719,"work",1,true,1,12263098,"work",,7,"WALK",2.980473018639103,98104785,146,43
299099,116719,"work",1,false,1,12263098,"home",,17,"WALK",2.9804740297501433,98104789,43,146
299100,116719,"escort",1,true,1,12263109,"escort",,10,"WALK",0.6127380646157466,98104873,146,146
299100,116719,"escort",1,false,2,12263109,"othmaint",14.822362982585956,10,"SHARED2FREE",0.47187529728992345,98104877,146,146
299100,116719,"escort",2,false,2,12263109,"home",,10,"DRIVEALONEFREE",0.6111827277372268,98104878,146,146
299100,116719,"escort",1,true,1,12263110,"escort",,14,"WALK",0.805678557976721,98104881,146,146
299100,116719,"escort",1,false,1,12263110,"home",,15,"WALK",0.805678557976721,98104885,146,146
299101,116719,"othdiscr",1,true,1,12263166,"othdiscr",,7,"WALK",1.1056327338739917,98105329,146,146
299101,116719,"othdiscr",1,false,1,12263166,"home",,7,"SHARED3FREE",1.1056327338739917,98105333,146,146
299101,116719,"school",1,true,1,12263172,"school",,8,"WALK",0.37609644960650607,98105377,146,146
299101,116719,"school",1,false,2,12263172,"social",17.838001252190104,11,"WALK",0.37577614618215016,98105381,146,92
299101,116719,"school",2,false,2,12263172,"home",,20,"WALK",3.660110413647864,98105382,92,146
299102,116719,"school",1,true,1,12263213,"school",,6,"WALK",0.37609644960650607,98105705,146,146
299102,116719,"school",1,false,1,12263213,"home",,15,"WALK",0.37612126940336077,98105709,146,146
300616,117405,"othmaint",1,true,1,12325284,"othmaint",,18,"WALK",0.7007970856335892,98602273,146,109
300616,117405,"othmaint",1,false,1,12325284,"home",,18,"WALK",0.7007968374884601,98602277,109,146
300616,117405,"othmaint",1,true,1,12325285,"othmaint",,18,"WALK",2.2994240113797417,98602281,146,149
300616,117405,"othmaint",1,false,1,12325285,"home",,18,"WALK",2.2994240107920154,98602285,149,146
300616,117405,"work",1,true,1,12325295,"work",,6,"WALK",4.375181679052901,98602361,146,85
300616,117405,"work",1,false,1,12325295,"home",,16,"WALK",4.375181679316249,98602365,85,146
300617,117405,"eatout",1,true,1,12325303,"eatout",,15,"WALK",1.877770469735541,98602425,146,77
300617,117405,"eatout",1,false,1,12325303,"home",,18,"WALK",1.8777704680839515,98602429,77,146
300617,117405,"escort",1,true,1,12325306,"escort",,11,"WALK",0.805335433725242,98602449,146,146
300617,117405,"escort",1,false,1,12325306,"home",,12,"WALK",0.805335433725242,98602453,146,146
300617,117405,"shopping",1,true,2,12325330,"othmaint",21.202250625919557,13,"WALK",1.877770469735541,98602641,146,77
300617,117405,"shopping",2,true,2,12325330,"shopping",,13,"WALK",1.7801899907741303,98602642,77,35
300617,117405,"shopping",1,false,1,12325330,"home",,14,"WALK",1.7801899813662403,98602645,35,146
301974,117901,"escort",1,true,1,12380943,"escort",,9,"WALK",2.4621801148145797,99047545,162,162
301974,117901,"escort",1,false,1,12380943,"home",,10,"WALK",2.4621843863895467,99047549,162,162
301974,117901,"othdiscr",1,true,1,12380959,"othdiscr",,12,"WALK",2.211530821220835,99047673,162,14
301974,117901,"othdiscr",1,false,1,12380959,"home",,15,"WALK",2.2115387840953327,99047677,14,162
301974,117901,"othmaint",1,true,1,12380962,"othmaint",,12,"WALK",1.1390096201214674,99047697,162,41
301974,117901,"othmaint",1,false,1,12380962,"home",,12,"WALK",1.1390043105011465,99047701,41,162
301975,117901,"shopping",1,true,1,12381008,"shopping",,12,"WALK",3.401433296453327,99048065,162,16
301975,117901,"shopping",1,false,1,12381008,"home",,13,"WALK",3.4014314948044255,99048069,16,162
304214,118555,"eatout",1,true,1,12472780,"eatout",,20,"WALK",5.557817771339696,99782241,92,19
304214,118555,"eatout",1,false,1,12472780,"home",,20,"WALK",5.557817771339568,99782245,19,92
304214,118555,"othdiscr",1,true,1,12472799,"othdiscr",,8,"WALK",3.4014224241301476,99782393,92,16
304214,118555,"othdiscr",1,false,1,12472799,"home",,16,"WALK",3.4014224240632314,99782397,16,92
304215,118555,"work",1,true,1,12472854,"work",,8,"WALK",1.2465606299007586,99782833,92,105
304215,118555,"work",1,false,1,12472854,"home",,18,"WALK",1.246560629959772,99782837,105,92
305760,119141,"atwork",1,true,2,12536160,"work",29.820854355608034,12,"WALK",6.985296207295581,100289281,176,18
305760,119141,"atwork",2,true,2,12536160,"atwork",,12,"WALK",2.6848670274536883,100289282,18,176
305760,119141,"atwork",1,false,1,12536160,"work",,15,"WALK",2.6848914855452093,100289285,176,176
305760,119141,"othdiscr",1,true,1,12536185,"othdiscr",,18,"WALK",1.2121226491435957,100289481,92,120
305760,119141,"othdiscr",1,false,1,12536185,"home",,20,"WALK",1.2121228919368505,100289485,120,92
305760,119141,"work",1,true,1,12536199,"work",,7,"WALK",1.7871046101992594,100289593,92,176
305760,119141,"work",1,false,1,12536199,"home",,16,"WALK",1.7871073833977962,100289597,176,92
317241,122807,"atwork",1,true,1,13006885,"atwork",,16,"WALK",3.1431773919577797,104055081,112,112
317241,122807,"atwork",1,false,1,13006885,"work",,16,"WALK",3.1431773919577797,104055085,112,112
317241,122807,"work",1,true,2,13006920,"othmaint",20.517698573284015,13,"WALK",4.9582374744592945,104055361,37,58
317241,122807,"work",2,true,2,13006920,"work",,13,"WALK",1.4098646962274548,104055362,58,112
317241,122807,"work",1,false,2,13006920,"eatout",21.732519202741006,22,"WALK",1.4001252213902557,104055365,112,18
317241,122807,"work",2,false,2,13006920,"home",,22,"WALK",4.3436533075184105,104055366,18,37
317242,122807,"work",1,true,1,13006961,"work",,11,"WALK",2.1124483408440224,104055689,37,136
317242,122807,"work",1,false,2,13006961,"othmaint",22.969966775509018,19,"WALK",2.109277613511839,104055693,136,72
317242,122807,"work",2,false,2,13006961,"home",,20,"WALK",3.811580729369327,104055694,72,37
317243,122807,"school",1,true,1,13006994,"school",,7,"WALK",3.148571207255844,104055953,37,54
317243,122807,"school",1,false,1,13006994,"home",,10,"WALK",3.1485734161724754,104055957,54,37
319463,123486,"shopping",1,true,1,13098016,"shopping",,8,"WALK",1.4171496309907294,104784129,160,1
319463,123486,"shopping",1,false,2,13098016,"shopping",25.66883452670623,9,"WALK",1.417147230415915,104784133,1,57
319463,123486,"shopping",2,false,2,13098016,"home",,9,"WALK",6.546834377087361,104784134,57,160
322828,124464,"othmaint",1,true,1,13235976,"othmaint",,10,"WALK",2.567442297462152,105887809,160,136
322828,124464,"othmaint",1,false,1,13235976,"home",,11,"WALK",2.567441959582248,105887813,136,160
322828,124464,"work",1,true,1,13235987,"work",,11,"WALK",2.824842925240357,105887897,160,54
322828,124464,"work",1,false,1,13235987,"home",,21,"WALK",2.825777670867056,105887901,54,160
322829,124464,"work",1,true,1,13236028,"work",,8,"WALK",4.375181783868166,105888225,160,85
322829,124464,"work",1,false,1,13236028,"home",,23,"WALK",4.375181847951922,105888229,85,160
322831,124464,"work",1,true,1,13236110,"work",,8,"WALK",1.26320359649813,105888881,160,39
322831,124464,"work",1,false,1,13236110,"home",,18,"WALK",1.2632040384478045,105888885,39,160
325706,125467,"atwork",1,true,1,13353950,"atwork",,11,"WALK",3.66002242414376,106831601,54,54
325706,125467,"atwork",1,false,1,13353950,"work",,13,"WALK",3.66002242414376,106831605,54,54
325706,125467,"shopping",1,true,1,13353979,"shopping",,15,"WALK",4.804688858685319,106831833,160,81
325706,125467,"shopping",1,false,1,13353979,"home",,16,"WALK",4.804688657717707,106831837,81,160
325706,125467,"work",1,true,3,13353985,"work",25.53245198940968,5,"WALK",4.640501070039448,106831881,160,72
325706,125467,"work",2,true,3,13353985,"escort",25.525824290942214,5,"WALK",5.178119471491317,106831882,72,18
325706,125467,"work",3,true,3,13353985,"work",,7,"WALK",2.556033932333608,106831883,18,54
325706,125467,"work",1,false,2,13353985,"othmaint",24.71751234896676,14,"WALK",2.5560383422423927,106831885,54,102
325706,125467,"work",2,false,2,13353985,"home",,15,"WALK",4.212199086528129,106831886,102,160
325707,125467,"work",1,true,1,13354026,"work",,8,"WALK",1.4601030574393963,106832209,160,68
325707,125467,"work",1,false,1,13354026,"home",,19,"WALK",1.4601030642465407,106832213,68,160
325708,125467,"atwork",1,true,1,13354028,"atwork",,12,"WALK",4.198279517950765,106832225,103,43
325708,125467,"atwork",1,false,1,13354028,"work",,13,"WALK",4.198279369785523,106832229,43,103
325708,125467,"work",1,true,1,13354067,"work",,7,"WALK",3.931333742122767,106832537,160,103
325708,125467,"work",1,false,1,13354067,"home",,17,"WALK",3.9313337331974516,106832541,103,160
325709,125467,"social",1,true,1,13354105,"social",,8,"WALK",1.7681437480303495,106832841,160,98
325709,125467,"social",1,false,1,13354105,"home",,8,"WALK",1.7681433723857822,106832845,98,160
325709,125467,"social",1,true,1,13354106,"social",,16,"WALK",2.2961062397986516,106832849,160,147
325709,125467,"social",1,false,1,13354106,"home",,21,"WALK",2.2961098253342525,106832853,147,160
327603,126016,"othmaint",1,true,1,13431740,"othmaint",,7,"WALK",1.3920277642024674,107453921,48,48
327603,126016,"othmaint",1,false,2,13431740,"othmaint",18.853251583433664,7,"WALK",1.288371627085864,107453925,48,78
327603,126016,"othmaint",2,false,2,13431740,"home",,7,"WALK",0.8881371769283046,107453926,78,48
327603,126016,"work",1,true,1,13431762,"work",,8,"WALK",1.6353666798782822,107454097,48,33
327603,126016,"work",1,false,1,13431762,"home",,18,"WALK",1.6353667964991307,107454101,33,48
327604,126016,"escort",1,true,1,13431773,"escort",,15,"WALK",2.013125653099251,107454185,48,48
327604,126016,"escort",1,false,1,13431773,"home",,16,"WALK",2.0131229915714814,107454189,48,48
327604,126016,"shopping",1,true,1,13431797,"shopping",,8,"WALK",1.3019518800133774,107454377,48,90
327604,126016,"shopping",1,false,1,13431797,"home",,10,"WALK",1.301954255541414,107454381,90,48
327605,126016,"school",1,true,1,13431836,"school",,13,"WALK",1.5488974839221339,107454689,48,48
327605,126016,"school",1,false,1,13431836,"home",,21,"WALK",1.5488982737379082,107454693,48,48
327606,126016,"school",1,true,1,13431877,"school",,7,"WALK",1.5488938642613863,107455017,48,48
327606,126016,"school",1,false,1,13431877,"home",,10,"WALK",1.5488974839221339,107455021,48,48
327606,126016,"social",1,true,1,13431882,"social",,10,"WALK",1.2627835060253663,107455057,48,48
327606,126016,"social",1,false,3,13431882,"social",17.461668406384714,18,"WALK",1.262778355776718,107455061,48,48
327606,126016,"social",2,false,3,13431882,"eatout",17.99046608333844,18,"WALK",1.2626963905209827,107455062,48,23
327606,126016,"social",3,false,3,13431882,"home",,18,"WALK",0.9869261291659123,107455063,23,48
327607,126016,"escort",1,true,1,13431896,"escort",,10,"WALK",2.013125653099251,107455169,48,48
327607,126016,"escort",1,false,1,13431896,"home",,10,"WALK",2.013125653099251,107455173,48,48
327607,126016,"othmaint",1,true,1,13431915,"othmaint",,16,"WALK",0.21406345287580641,107455321,48,78
327607,126016,"othmaint",1,false,2,13431915,"eatout",16.232918565357522,17,"WALK",-0.33656301487219203,107455325,78,58
327607,126016,"othmaint",2,false,2,13431915,"home",,17,"WALK",3.5776549001432763,107455326,58,48
332561,127462,"work",1,true,1,13635040,"work",,7,"WALK",0.8196129009462648,109080321,48,111
332561,127462,"work",1,false,1,13635040,"home",,21,"BIKE",0.8196172806157913,109080325,111,48
332562,127462,"escort",1,true,1,13635051,"escort",,9,"WALK",2.013151492715251,109080409,48,48
332562,127462,"escort",1,false,1,13635051,"home",,10,"WALK",2.0131562098751496,109080413,48,48
332563,127462,"school",1,true,2,13635114,"othmaint",22.00235281100976,7,"WALK",4.991954081190654,109080913,48,19
332563,127462,"school",2,true,2,13635114,"school",,8,"WALK",1.5488681886162126,109080914,19,48
332563,127462,"school",1,false,1,13635114,"home",,16,"WALK",1.5489282847349932,109080917,48,48
332777,127524,"shopping",1,true,1,13643890,"shopping",,16,"WALK",4.654685909741706,109151121,78,89
332777,127524,"shopping",1,false,1,13643890,"home",,16,"WALK",4.654685909742209,109151125,89,78
332778,127524,"eatout",1,true,1,13643904,"eatout",,13,"WALK",5.95238532926238,109151233,78,15
332778,127524,"eatout",1,false,1,13643904,"home",,16,"WALK",5.952385329262364,109151237,15,78
332779,127524,"othdiscr",1,true,1,13643964,"othdiscr",,6,"WALK",1.3019499538931922,109151713,78,90
332779,127524,"othdiscr",1,false,1,13643964,"home",,10,"WALK",1.3019499709285436,109151717,90,78
332779,127524,"work",1,true,3,13643978,"othmaint",15.438178593067112,10,"WALK",1.2573871378303572,109151825,78,48
332779,127524,"work",2,true,3,13643978,"escort",16.142763101661476,10,"WALK",1.2574137428509258,109151826,48,48
332779,127524,"work",3,true,3,13643978,"work",,10,"WALK",0.7177187177759955,109151827,48,78
332779,127524,"work",1,false,2,13643978,"escort",17.194861081722273,19,"WALK",0.7177184784522096,109151829,78,48
332779,127524,"work",2,false,2,13643978,"home",,19,"WALK",1.2573847288811975,109151830,48,78
337467,129265,"shopping",1,true,1,13836180,"shopping",,10,"WALK",2.01310335733264,110689441,48,48
337467,129265,"shopping",1,false,1,13836180,"home",,14,"WALK",2.01310335733264,110689445,48,48
337468,129265,"eatout",1,true,1,13836194,"eatout",,18,"WALK",2.063642468986607,110689553,48,7
337468,129265,"eatout",1,false,1,13836194,"home",,19,"WALK",2.0636424690672293,110689557,7,48
337468,129265,"shopping",1,true,1,13836221,"shopping",,12,"WALK",2.01310335733264,110689769,48,48
337468,129265,"shopping",1,false,1,13836221,"home",,17,"WALK",2.0131021387221275,110689773,48,48
339335,130198,"shopping",1,true,1,13912768,"shopping",,10,"WALK",1.6737378290542706,111302145,98,129
339335,130198,"shopping",1,false,1,13912768,"home",,13,"WALK",1.673737854291683,111302149,129,98
339336,130198,"othmaint",1,true,1,13912804,"othmaint",,10,"BIKE",1.1579154888851162,111302433,98,123
339336,130198,"othmaint",1,false,1,13912804,"home",,14,"BIKE",1.1579204198858233,111302437,123,98
340616,130727,"atwork",1,true,1,13965260,"atwork",,8,"BIKE",2.1314835320615337,111722081,68,68
340616,130727,"atwork",1,false,1,13965260,"work",,9,"BIKE",2.1314835320615337,111722085,68,68
340616,130727,"work",1,true,1,13965295,"work",,7,"BIKE",1.4130173688754628,111722361,58,68
340616,130727,"work",1,false,1,13965295,"home",,17,"BIKE",1.4130173646966837,111722365,68,58
341377,131256,"atwork",1,true,2,13996461,"othmaint",35.25003876758991,11,"WALK",7.768456298078124,111971689,151,58
341377,131256,"atwork",2,true,2,13996461,"atwork",,11,"WALK",5.5578177909105655,111971690,58,19
341377,131256,"atwork",1,false,1,13996461,"work",,14,"WALK",5.557817776632111,111971693,19,151
341377,131256,"shopping",1,true,1,13996476,"shopping",,8,"WALK",2.793562589740894,111971809,74,30
341377,131256,"shopping",1,false,1,13996476,"home",,8,"WALK",2.7934822709260567,111971813,30,74
341377,131256,"work",1,true,2,13996496,"work",18.586653469086293,8,"WALK",2.10070168975674,111971969,74,169
341377,131256,"work",2,true,2,13996496,"work",,8,"WALK",0.20918409918527936,111971970,169,151
341377,131256,"work",1,false,2,13996496,"work",22.471953230753673,21,"WALK",0.13584468491372087,111971973,151,58
341377,131256,"work",2,false,2,13996496,"home",,21,"WALK",4.958149324308709,111971974,58,74
342483,132050,"othmaint",1,true,1,14041831,"othmaint",,16,"WALK",2.573369070388594,112334649,85,169
342483,132050,"othmaint",1,false,1,14041831,"home",,16,"WALK",2.573367205569159,112334653,169,85
348568,134198,"work",1,true,1,14291327,"work",,8,"WALK",1.8152867662614203,114330617,129,157
348568,134198,"work",1,false,2,14291327,"escort",20.089683705226793,11,"WALK",1.7978093721136434,114330621,157,16
348568,134198,"work",2,false,2,14291327,"home",,11,"WALK",1.591167675531845,114330622,16,129
348569,134198,"social",1,true,1,14291365,"social",,11,"WALK",3.2352859239469254,114330921,129,19
348569,134198,"social",1,false,1,14291365,"home",,22,"WALK",3.232392855664629,114330925,19,129
350932,134902,"shopping",1,true,1,14388245,"shopping",,15,"TNC_SHARED",0.44212826842681346,115105961,142,118
350932,134902,"shopping",1,false,1,14388245,"home",,15,"WALK",0.2668785270247441,115105965,118,142
350933,134902,"shopping",1,true,1,14388286,"shopping",,8,"WALK",2.4924565950535853,115106289,142,33
350933,134902,"shopping",1,false,1,14388286,"home",,10,"WALK",2.4924666914650224,115106293,33,142
350935,134902,"othdiscr",1,true,1,14388360,"othdiscr",,18,"WALK",2.550618248963719,115106881,142,26
350935,134902,"othdiscr",1,false,1,14388360,"home",,18,"WALK",2.5506190638380493,115106885,26,142
350935,134902,"work",1,true,1,14388374,"work",,8,"WALK",3.2261622091387467,115106993,142,19
350935,134902,"work",1,false,1,14388374,"home",,18,"WALK",3.223765896103667,115106997,19,142
350936,134902,"shopping",1,true,1,14388409,"shopping",,14,"WALK",1.9786007764571962,115107273,142,70
350936,134902,"shopping",1,false,1,14388409,"home",,14,"WALK",1.9785938636949765,115107277,70,142
362197,140931,"atwork",1,true,1,14850081,"atwork",,10,"WALK",2.684926178158798,118800649,176,176
362197,140931,"atwork",1,false,1,14850081,"work",,10,"WALK",2.684926178158798,118800653,176,176
362197,140931,"work",1,true,1,14850116,"work",,5,"WALK",1.7871052127174258,118800929,38,176
362197,140931,"work",1,false,1,14850116,"home",,14,"WALK",1.7871042182204246,118800933,176,38
362561,141038,"work",1,true,1,14865040,"work",,11,"DRIVEALONEFREE",0.44840773237964865,118920321,39,178
362561,141038,"work",1,false,3,14865040,"work",19.26056538209802,12,"DRIVEALONEFREE",0.2140742369480409,118920325,178,102
362561,141038,"work",2,false,3,14865040,"shopping",24.216111944649676,19,"WALK",3.3818538944035152,118920326,102,5
362561,141038,"work",3,false,3,14865040,"home",,20,"WALK",4.110354106666585,118920327,5,39
369459,143111,"othdiscr",1,true,1,15147844,"othdiscr",,16,"WALK",2.1136633240259655,121182753,23,9
369459,143111,"othdiscr",1,false,1,15147844,"home",,19,"WALK",2.113663310165233,121182757,9,23
369459,143111,"othmaint",1,true,1,15147847,"othmaint",,13,"WALK",1.11664828338532,121182777,23,35
369459,143111,"othmaint",1,false,1,15147847,"home",,13,"WALK",1.116634680516963,121182781,35,23
372070,144182,"work",1,true,1,15254909,"work",,6,"WALK",3.9313336666517977,122039273,90,103
372070,144182,"work",1,false,1,15254909,"home",,21,"WALK",3.9313339477156544,122039277,103,90
372071,144182,"othmaint",1,true,1,15254939,"othmaint",,8,"TNC_SINGLE",0.7976132658626272,122039513,90,90
372071,144182,"othmaint",1,false,2,15254939,"othmaint",16.366653665452596,10,"WALK",0.7751015562475202,122039517,90,90
372071,144182,"othmaint",2,false,2,15254939,"home",,13,"TAXI",0.8117378968953805,122039518,90,90
372071,144182,"shopping",1,true,1,15254944,"shopping",,14,"WALK",1.4391686867357463,122039553,90,166
372071,144182,"shopping",1,false,1,15254944,"home",,20,"WALK",1.439170088145464,122039557,166,90
372072,144182,"school",1,true,1,15254983,"school",,7,"WALK",-0.16477460985794937,122039865,90,90
372072,144182,"school",1,false,1,15254983,"home",,10,"WALK",-0.16259534583315205,122039869,90,90
372072,144182,"school",1,true,1,15254984,"school",,15,"WALK",0.8582617815849555,122039873,90,90
372072,144182,"school",1,false,2,15254984,"othmaint",21.93778933924944,20,"WALK",0.8581189728384472,122039877,90,85
372072,144182,"school",2,false,2,15254984,"home",,20,"WALK",5.389428498546428,122039878,85,90
373028,144552,"school",1,true,1,15294179,"school",,8,"WALK",0.858127330259569,122353433,90,90
373028,144552,"school",1,false,1,15294179,"home",,16,"WALK",0.8581276497312483,122353437,90,90
380722,147855,"othmaint",1,true,1,15609630,"othmaint",,8,"WALK",1.2411113999012495,124877041,70,70
380722,147855,"othmaint",1,false,1,15609630,"home",,18,"WALK",1.2411125714013562,124877045,70,70
380723,147855,"othdiscr",1,true,1,15609668,"othdiscr",,12,"WALK",1.3286931957430155,124877345,70,78
380723,147855,"othdiscr",1,false,1,15609668,"home",,19,"WALK",1.3286931907332327,124877349,78,70
380828,147897,"shopping",1,true,1,15613981,"shopping",,13,"DRIVEALONEFREE",0.4887065066751964,124911849,91,91
380828,147897,"shopping",1,false,1,15613981,"home",,17,"DRIVEALONEFREE",0.41833969867099596,124911853,91,91
382345,148381,"othdiscr",1,true,1,15676170,"othdiscr",,8,"WALK",3.143150471149521,125409361,91,112
382345,148381,"othdiscr",1,false,1,15676170,"home",,11,"WALK",3.1431507869462814,125409365,112,91
382345,148381,"othdiscr",1,true,1,15676171,"othdiscr",,14,"WALK",2.218098631829751,125409369,91,138
382345,148381,"othdiscr",1,false,1,15676171,"home",,15,"WALK",2.218098287815747,125409373,138,91
382345,148381,"othdiscr",1,true,1,15676172,"othdiscr",,17,"WALK",1.3286933724917196,125409377,91,78
382345,148381,"othdiscr",1,false,1,15676172,"home",,21,"WALK",1.3286944805398426,125409381,78,91
382345,148381,"othmaint",1,true,1,15676173,"othmaint",,13,"WALK",0.7969440285941951,125409385,91,22
382345,148381,"othmaint",1,false,1,15676173,"home",,14,"WALK",0.7969520701847516,125409389,22,91
382346,148381,"work",1,true,1,15676225,"work",,17,"BIKE",-0.20299330834086574,125409801,91,108
382346,148381,"work",1,false,1,15676225,"home",,21,"BIKE",-0.20299278887343797,125409805,108,91
382347,148381,"shopping",1,true,1,15676260,"shopping",,14,"WALK",0.7153738644372126,125410081,91,91
382347,148381,"shopping",1,false,1,15676260,"home",,16,"WALK",0.7153616962501758,125410085,91,91
382347,148381,"shopping",1,true,1,15676261,"shopping",,18,"WALK",1.270415707251986,125410089,91,22
382347,148381,"shopping",1,false,1,15676261,"home",,20,"WALK",1.270431728594751,125410093,22,91
382347,148381,"work",1,true,1,15676266,"work",,16,"WALK",0.5502307666133783,125410129,91,10
382347,148381,"work",1,false,1,15676266,"home",,17,"WALK",0.5502290485647003,125410133,10,91
389883,151074,"othmaint",1,true,1,15985231,"othmaint",,16,"WALK",1.3912884347331533,127881849,70,138
389883,151074,"othmaint",1,false,1,15985231,"home",,16,"WALK",1.3912848154096265,127881853,138,70
389884,151074,"othdiscr",1,true,1,15985269,"othdiscr",,15,"WALK",1.9786426779200492,127882153,70,70
389884,151074,"othdiscr",1,false,1,15985269,"home",,17,"WALK",1.9786382870932655,127882157,70,70
391400,151585,"work",1,true,1,16047439,"work",,8,"WALK",0.8048975042877655,128379513,156,166
391400,151585,"work",1,false,1,16047439,"home",,18,"WALK",0.8048749072053806,128379517,166,156
391401,151585,"school",1,true,1,16047472,"school",,8,"WALK",0.7105757122979764,128379777,156,156
391401,151585,"school",1,false,1,16047472,"home",,12,"WALK",0.7105963380185436,128379781,156,156
391402,151585,"school",1,true,1,16047513,"school",,11,"WALK",5.188662726314793,128380105,156,102
391402,151585,"school",1,false,1,16047513,"home",,16,"WALK",5.188662648087918,128380109,102,156
398247,153909,"work",1,true,1,16328166,"work",,13,"WALK",1.4683345010992044,130625329,173,105
398247,153909,"work",1,false,1,16328166,"home",,21,"WALK",1.4600199621604806,130625333,105,173
401776,154882,"work",1,true,1,16472855,"work",,11,"WALK",1.611480313923578,131782841,173,162
401776,154882,"work",1,false,1,16472855,"home",,21,"WALK",1.6114841004371896,131782845,162,173
407484,157261,"shopping",1,true,1,16706877,"shopping",,20,"WALK",2.2181285459378866,133655017,138,138
407484,157261,"shopping",1,false,1,16706877,"home",,21,"WALK",2.2181285459378866,133655021,138,138
407484,157261,"work",1,true,1,16706883,"work",,7,"WALK",2.439020662134839,133655065,138,150
407484,157261,"work",1,false,1,16706883,"home",,17,"WALK",2.4390203702632807,133655069,150,138
407729,157339,"work",1,true,1,16716928,"work",,7,"WALK",1.6280731799890729,133735425,138,175
407729,157339,"work",1,false,1,16716928,"home",,14,"WALK",1.6280806233632141,133735429,175,138
407731,157339,"school",1,true,1,16717002,"school",,8,"WALK",0.6777715425477143,133736017,138,10
407731,157339,"school",1,false,1,16717002,"home",,16,"WALK",0.6777715834275168,133736021,10,138
417465,161729,"work",1,true,1,17116104,"work",,6,"WALK",1.6353667090308859,136928833,10,33
417465,161729,"work",1,false,1,17116104,"home",,16,"WALK",1.6353668877890999,136928837,33,10
417466,161729,"atwork",1,true,1,17116110,"atwork",,15,"WALK",1.117390768035407,136928881,109,109
417466,161729,"atwork",1,false,1,17116110,"work",,15,"WALK",1.117390768035407,136928885,109,109
417466,161729,"work",1,true,1,17116145,"work",,8,"WALK",0.551001356773831,136929161,10,109
417466,161729,"work",1,false,1,17116145,"home",,17,"WALK",0.5510015371851436,136929165,109,10
417467,161729,"school",1,true,1,17116178,"school",,6,"WALK",0.6778711850475859,136929425,10,10
417467,161729,"school",1,false,1,17116178,"home",,14,"WALK",0.6778828931011583,136929429,10,10
417468,161729,"othmaint",1,true,1,17116216,"othmaint",,15,"WALK",1.5770487226174437,136929729,10,172
417468,161729,"othmaint",1,false,1,17116216,"home",,17,"WALK",1.577046995873366,136929733,172,10
417468,161729,"shopping",1,true,1,17116221,"shopping",,10,"WALK",2.4831867430859966,136929769,10,175
417468,161729,"shopping",1,false,1,17116221,"home",,10,"WALK",2.483186754452044,136929773,175,10
423776,164128,"work",1,true,1,17374855,"work",,8,"WALK",2.35212527573882,138998841,10,16
423776,164128,"work",1,false,1,17374855,"home",,18,"WALK",2.35212527573882,138998845,16,10
436495,168915,"shopping",1,true,1,17896328,"shopping",,14,"TNC_SINGLE",0.15715468934950844,143170625,176,176
436495,168915,"shopping",1,false,1,17896328,"home",,15,"TNC_SINGLE",0.15712942862518675,143170629,176,176
436975,169166,"othdiscr",1,true,1,17916000,"othdiscr",,18,"WALK",2.684908121288649,143328001,176,176
436975,169166,"othdiscr",1,false,1,17916000,"home",,19,"WALK",2.684908121288649,143328005,176,176
436976,169166,"escort",1,true,1,17916025,"escort",,13,"WALK",5.557817824641664,143328201,176,19
436976,169166,"escort",1,false,1,17916025,"home",,14,"WALK",5.557817830802947,143328205,19,176
436976,169166,"social",1,true,1,17916052,"social",,14,"WALK",1.5999406742124835,143328417,176,26
436976,169166,"social",1,false,1,17916052,"home",,16,"WALK",1.5999228117648787,143328421,26,176
436977,169166,"school",1,true,1,17916088,"school",,8,"WALK",2.0709948972305665,143328705,176,26
436977,169166,"school",1,false,1,17916088,"home",,15,"WALK",2.0710026944623237,143328709,26,176
440094,170490,"othmaint",1,true,1,18043882,"othmaint",,15,"WALK",1.254148273356972,144351057,180,105
440094,170490,"othmaint",1,false,1,18043882,"home",,21,"WALK",1.2541579377569165,144351061,105,180
440094,170490,"work",1,true,1,18043893,"work",,6,"WALK",2.1581513292269054,144351145,180,104
440094,170490,"work",1,false,1,18043893,"home",,15,"WALK",2.158160749747867,144351149,104,180
440095,170490,"work",1,true,1,18043934,"work",,6,"WALK",0.9433755639170059,144351473,180,180
440095,170490,"work",1,false,1,18043934,"home",,17,"WALK",0.9433783980362146,144351477,180,180
454200,175537,"shopping",1,true,1,18622219,"shopping",,14,"SHARED2FREE",0.6291121525173098,148977753,21,21
454200,175537,"shopping",1,false,2,18622219,"shopping",13.441008068482677,16,"SHARED2FREE",0.48513019695166654,148977757,21,21
454200,175537,"shopping",2,false,2,18622219,"home",,16,"SHARED2FREE",0.570715627116211,148977758,21,21
457598,176614,"work",1,true,1,18761557,"work",,8,"WALK",1.3366883375970078,150092457,21,9
457598,176614,"work",1,false,2,18761557,"shopping",17.825661844155555,17,"WALK",1.3367145774159306,150092461,9,134
457598,176614,"work",2,false,2,18761557,"home",,21,"WALK",3.5748154350633166,150092462,134,21
457599,176614,"social",1,true,1,18761595,"social",,6,"SHARED3FREE",1.2893302860794602,150092761,21,21
457599,176614,"social",1,false,1,18761595,"home",,14,"SHARED2FREE",1.3047153622218173,150092765,21,21
457600,176614,"othdiscr",1,true,2,18761625,"escort",19.002949685440022,13,"WALK",4.630546207296556,150093001,21,89
457600,176614,"othdiscr",2,true,2,18761625,"othdiscr",,14,"WALK",0.5713267759617616,150093002,89,21
457600,176614,"othdiscr",1,false,2,18761625,"othmaint",18.45704362102056,15,"WALK",0.5368751696200651,150093005,21,75
457600,176614,"othdiscr",2,false,2,18761625,"home",,15,"WALK",3.2469303916163685,150093006,75,21
458404,176974,"eatout",1,true,1,18794570,"eatout",,19,"WALK",1.6145230592843645,150356561,21,180
458404,176974,"eatout",1,false,1,18794570,"home",,22,"WALK",1.6145251174662925,150356565,180,21
458404,176974,"othdiscr",1,true,1,18794589,"othdiscr",,8,"WALK",1.9993655380761028,150356713,21,105
458404,176974,"othdiscr",1,false,1,18794589,"home",,10,"WALK",1.9993672447769242,150356717,105,21
458404,176974,"shopping",1,true,1,18794597,"shopping",,13,"WALK",0.37291175357396106,150356777,21,21
458404,176974,"shopping",1,false,1,18794597,"home",,13,"WALK",0.37291175357396106,150356781,21,21
459375,177492,"escort",1,true,1,18834384,"escort",,12,"SHARED2FREE",1.3276579272543085,150675073,1,1
459375,177492,"escort",1,false,1,18834384,"home",,12,"SHARED3FREE",1.3276579272543085,150675077,1,1
459375,177492,"escort",1,true,1,18834385,"escort",,15,"WALK",1.4173139968652813,150675081,1,1
459375,177492,"escort",1,false,1,18834385,"home",,15,"WALK",1.4173139968652813,150675085,1,1
459375,177492,"escort",1,true,1,18834386,"escort",,15,"WALK",1.5461577685233383,150675089,1,178
459375,177492,"escort",1,false,1,18834386,"home",,18,"WALK",1.5461533471040065,150675093,178,1
459376,177492,"othdiscr",1,true,1,18834441,"othdiscr",,17,"WALK",1.6145236476813865,150675529,1,180
459376,177492,"othdiscr",1,false,1,18834441,"home",,17,"WALK",1.6145234118557905,150675533,180,1
459376,177492,"school",1,true,1,18834447,"school",,7,"BIKE",0.8845230798677329,150675577,1,1
459376,177492,"school",1,false,1,18834447,"home",,14,"BIKE",0.8845368892239609,150675581,1,1
459377,177492,"school",1,true,1,18834488,"school",,7,"WALK",0.1369158539803384,150675905,1,2
459377,177492,"school",1,false,1,18834488,"home",,15,"WALK",0.13692869339295888,150675909,2,1
468656,180763,"shopping",1,true,1,19214929,"shopping",,17,"WALK",2.020488402131359,153719433,177,39
468656,180763,"shopping",1,false,1,19214929,"home",,18,"WALK",2.0204925276992474,153719437,39,177
468656,180763,"work",1,true,1,19214935,"work",,6,"WALK",1.6353684665949038,153719481,177,33
468656,180763,"work",1,false,1,19214935,"home",,17,"WALK",1.6353686595881753,153719485,33,177
468657,180763,"escort",1,true,1,19214946,"escort",,18,"WALK",0.2798238389483869,153719569,177,177
468657,180763,"escort",1,false,1,19214946,"home",,18,"WALK",0.2798238389483869,153719573,177,177
468657,180763,"school",1,true,1,19214968,"school",,7,"WALK",0.07258289197932545,153719745,177,177
468657,180763,"school",1,false,1,19214968,"home",,11,"WALK",0.07261403462610533,153719749,177,177
468658,180763,"school",1,true,1,19215009,"school",,8,"WALK",0.15012883801386756,153720073,177,130
468658,180763,"school",1,false,1,19215009,"home",,17,"WALK",0.15012976848608994,153720077,130,177
468659,180763,"escort",1,true,1,19215028,"escort",,10,"WALK",3.2548551272645487,153720225,177,75
468659,180763,"escort",1,false,1,19215028,"home",,11,"WALK",3.254855060901074,153720229,75,177
468659,180763,"school",1,true,1,19215050,"school",,14,"WALK",3.5351002782408005,153720401,177,51
468659,180763,"school",1,false,2,19215050,"othmaint",27.15106942968584,21,"WALK",3.535102062341057,153720405,51,92
468659,180763,"school",2,false,2,19215050,"home",,21,"WALK",3.6601075096138644,153720406,92,177
