"DISTRICT","SD","county_id","TOTHH","TOTPOP","TOTACRE","RESACRE","CIACRE","TOTEMP","AGE0519","RETEMPN","FPSEMPN","HEREMPN","OTHEMPN","AGREMPN","MWTEMPN","PRKCST","OPRKCST","area_type","HSENROLL","COLLFTE","COLLPTE","TOPOLOGY","TERMINAL","household_density","employment_density","density_index","is_cbd","zone_id"
49,5,10,26527,55100,2589.65,647.412,776.895,31832,9246,6366,4775,7003,1592,3183,8913,15,10,3,6513,1609,689,1,3,18.62449598295873,22.349114341219977,10.158757965858605,false,1
49,5,10,25430,67196,5318.27,1861.394,957.289,20344,11275,4069,3052,4476,1017,2034,5696,8,5,4,7943,1028,441,1,2,9.021943936228373,7.217555148982699,4.009752860545944,false,2
21,2,10,29091,58962,18353.44,9176.72,1468.275,14546,9894,2909,2182,3200,727,1455,4073,0,0,5,6969,735,315,1,1,2.7328335992642554,1.3664637700628324,0.9109654085958672,false,3
22,2,10,1909,6260,228.92,57.23,68.676,2291,1050,458,344,504,115,229,641,15,10,3,740,116,50,1,3,15.16210506250695,18.196114561657108,8.270567309096053,false,4
13,2,10,5038,7322,125.03,18.754,56.264,12595,1229,2267,3149,2771,1511,378,2519,30,20,2,865,637,273,1,5,67.15721560158894,167.89303900397238,47.96943971542068,false,5
16,2,10,26703,53111,1338.71,200.806,602.42,66758,8912,12016,16690,14687,8010,2003,13352,30,20,2,6278,3374,1446,1,5,33.24469078441186,83.11234945083949,23.746258518374155,false,6
2,1,10,20794,55220,1394.04,348.51,418.212,24953,9266,4991,3743,5490,1247,2495,6987,15,10,3,6527,1261,541,1,3,27.120651292124133,32.54504240128756,14.79313641752188,false,7
19,2,10,9410,24336,2255.31,789.358,405.956,7528,4084,1506,1129,1656,376,753,2108,8,5,4,2877,380,163,1,2,7.872408421552832,6.297926737242265,3.498848187356814,false,8
45,5,10,13641,29493,892.85,223.212,267.855,16369,4949,3274,2455,3601,819,1637,4583,15,10,3,3486,827,355,1,3,27.778286873277985,33.33353697153341,15.151708691392447,false,9
46,5,10,40135,85843,4974.17,1243.542,1492.251,48162,14404,9632,7224,10596,2409,4816,13485,15,10,3,10147,2434,1043,1,3,14.670335072865528,17.604402087438636,8.002000948835743,false,10
46,5,10,4952,12631,2581.29,903.451,464.632,3962,2119,792,594,872,199,396,1109,8,5,4,1493,200,86,1,2,3.6196634268534873,2.8960231214041836,1.6088295374908592,false,11
46,5,10,4643,16811,4335.42,2167.71,346.834,2322,2821,464,348,511,117,232,650,0,0,5,1987,117,50,1,1,1.84645804567349,0.923427866046488,0.6155743836401786,false,12
32,3,10,23496,42080,3183.96,795.99,955.188,28195,7061,5639,4229,6203,1409,2820,7895,15,10,3,4974,1425,611,1,3,13.417253985602835,16.100590573887978,7.318478577007061,false,13
31,3,10,18718,37065,1170.97,292.742,351.291,22462,6220,4492,3369,4942,1124,2246,6289,15,10,3,4381,1135,487,1,3,29.06372810088924,34.87709480725366,15.85307092283084,false,14
13,2,10,4415,8740,123.18,18.477,55.431,11038,1467,1987,2760,2428,1324,331,2208,30,20,2,1033,558,239,1,5,59.73642907398387,149.34783785246523,42.66943015069138,false,15
39,4,10,36715,54434,1792.58,268.887,806.661,91788,9134,16522,22947,20193,11014,2754,18358,30,20,2,6434,4639,1988,1,5,34.136086906395626,85.3406821452878,24.382957168036867,false,16
22,2,10,3628,11093,671.78,167.945,201.534,4354,1861,871,653,958,218,435,1219,15,10,3,1311,220,94,1,3,9.819231945523292,11.784160940134623,5.35616836517269,false,17
8,1,10,6443,15442,153.18,22.977,68.931,16108,2591,2899,4027,3544,1933,483,3222,30,20,2,1825,814,349,1,5,70.10271140705923,175.2622187404796,50.07380938073302,false,18
26,3,10,37046,75779,1106.96,166.044,498.132,92615,12716,16671,23154,20375,11114,2778,18523,30,20,2,8957,4681,2006,1,5,55.777384307773836,139.4434607694346,39.84098879126702,false,19
11,2,10,12642,24332,8270.38,4135.19,661.63,6321,4083,1264,948,1391,316,632,1770,0,0,5,2876,320,137,1,1,2.6354960161106735,1.3177480080553368,0.8784986720368911,false,20
48,5,10,24545,55516,7710.18,2698.563,1387.832,19636,9316,3927,2945,4320,982,1964,5498,8,5,4,6562,992,425,1,2,6.006516746423191,4.805213397138553,2.6695629984103073,false,21
5,1,10,51694,96773,5629.49,1407.372,1688.847,62033,16239,12407,9305,13647,3102,6203,17369,15,10,3,11439,3135,1344,1,3,16.695847419061764,20.03508149778811,9.10683921097592,false,22
41,4,10,16580,28120,1457.83,364.458,437.349,19896,4719,3979,2984,4377,995,1990,5571,15,10,3,3324,1006,431,1,3,20.6782929058988,24.813951487078562,11.279068857762981,false,23
31,3,10,10312,24943,521.51,78.226,234.68,25780,4185,4640,6445,5672,3094,773,5156,30,20,2,2948,1303,558,1,5,32.95558410513061,82.38896026282653,23.539702932236153,false,24
32,3,10,28608,49715,4036.95,1009.238,1211.085,34330,8342,6866,5150,7553,1716,3433,9612,15,10,3,5876,1735,744,1,3,12.884611833503502,15.461714354172791,7.0280073126596845,false,25
9,1,10,38512,68101,2088.91,522.227,626.673,46214,11427,9243,6932,10167,2311,4621,12940,15,10,3,8050,2336,1001,1,3,33.52075898685699,40.224562625119674,18.283978422427698,false,26
16,2,10,4163,14100,216.05,32.408,97.223,10408,2366,1873,2602,2290,1249,312,2082,30,20,2,1667,526,225,1,5,32.114231935262396,80.28943694023806,22.93905195128756,false,27
1,1,10,5361,11317,179.35,26.902,80.708,13402,1899,2412,3350,2948,1610,402,2680,30,20,2,1338,677,290,1,5,49.818790075271814,124.54232877985318,35.58447074501907,false,28
39,4,10,16304,8804,537.78,134.445,161.334,19565,1477,3913,2935,4304,979,1956,5478,15,10,3,1041,989,424,1,3,55.12223653471004,66.14736002217872,30.06681417941961,false,29
7,1,10,16759,18051,830.04,207.51,249.012,20111,3029,4022,3017,4424,1006,2011,5631,15,10,3,2134,1016,436,1,3,36.71016949895076,44.05264149372867,20.023819332611847,false,30
7,1,10,1076,6058,519.15,181.702,93.447,861,1017,172,129,189,44,86,241,8,5,4,716,43,19,1,2,3.910608433975773,3.129213626071692,1.7382725150506662,false,31
45,5,10,6597,11999,424.54,106.135,127.362,7916,2013,1583,1187,1742,396,792,2216,15,10,3,1418,400,172,1,3,28.25303965361439,33.901934500229125,15.410394949218738,false,32
17,2,10,23822,38204,1322.27,330.568,396.681,28586,6411,5717,4288,6289,1429,2859,8004,15,10,3,4516,1445,619,1,3,32.75631867489677,39.307032391931784,17.866969272641562,false,33
3,1,10,6056,17763,4465.65,2232.825,357.252,3028,2981,606,454,666,151,303,848,0,0,5,2100,153,66,1,1,2.338154425524801,1.1690772127624005,0.779384808508267,false,34
5,1,10,57418,94550,4462.24,1115.56,1338.672,68902,15865,13780,10335,15158,3446,6890,19293,15,10,3,11176,3482,1492,1,3,23.395506211311726,28.074770437350665,12.761218880397408,false,35
3,1,10,7653,21773,7559.78,3779.89,604.782,3826,3654,765,574,842,191,383,1071,0,0,5,2574,193,83,1,1,1.7453985155560099,0.8725852241627197,0.5817488213709638,false,36
35,3,10,14497,36479,1551.15,387.788,465.345,17396,6121,3479,2609,3827,870,1740,4871,15,10,3,4312,879,377,1,3,16.99266116771945,20.390724541191116,9.268627400170809,false,37
40,4,10,24250,53638,2981.96,745.49,894.588,29100,9000,5820,4365,6402,1455,2910,8148,15,10,3,6340,1471,630,1,3,14.785882134874074,17.743058561848887,8.065026619022222,false,38
40,4,10,25190,39094,1724.83,431.208,517.449,30228,6560,6046,4534,6650,1511,3023,8464,15,10,3,4621,1528,655,1,3,26.553327493498706,31.863992992198447,14.483633178272022,false,39
7,1,10,5795,7092,330.62,82.655,99.186,6954,1190,1391,1043,1530,348,695,1947,15,10,3,838,351,151,1,3,31.868500503186848,38.242200603824216,17.382818456283733,false,40
34,3,10,30889,46625,2353.63,588.408,706.089,37067,7824,7413,5560,8155,1853,3707,10379,15,10,3,5511,1873,803,1,3,23.861777972447985,28.63428806710251,13.015547179126633,false,41
1,1,10,984,3278,52.32,7.848,23.544,2460,550,443,615,541,295,74,492,30,20,2,387,124,53,1,5,31.345565749235476,78.36391437308869,22.38968982088248,false,42
8,1,10,2749,6909,108.74,16.311,48.933,6872,1159,1237,1718,1512,825,206,1374,30,20,2,817,347,149,1,5,42.13414260315125,105.32769296793575,30.09519051749874,false,43
40,4,10,14212,40277,3904.03,1366.41,702.725,11370,6758,2274,1706,2501,568,1137,3184,8,5,4,4761,575,246,1,2,6.868570682918223,5.495049863831987,3.0527577462583144,false,44
7,1,10,7163,17181,306.14,45.921,137.763,17908,2883,3223,4477,3940,2149,537,3582,30,20,2,2031,905,388,1,5,38.99631976655561,97.49352148254611,27.8547363240189,false,45
1,1,10,1139,3221,56.66,8.499,25.497,2848,540,513,712,627,341,85,570,30,20,2,381,144,62,1,5,33.50394164019296,83.77456171314272,23.932587356726753,false,46
1,1,10,703,2243,38.22,5.733,17.199,1758,376,316,440,387,210,53,352,30,20,2,265,89,38,1,5,30.65585208442351,76.66143380429094,21.89881672670318,false,47
36,4,10,38370,82646,2636.93,659.232,791.079,46044,13868,9209,6907,10130,2302,4604,12892,15,10,3,9769,2327,997,1,3,26.456394525036355,31.747673430043626,14.430760650019831,false,48
3,1,10,4158,11365,9337.55,5602.53,373.502,1247,1907,249,187,274,63,125,349,0,0,6,1343,63,27,1,1,0.6957794068037119,0.208666887995245,0.14518612354890814,false,49
42,4,10,34505,80731,3982.34,995.585,1194.702,41406,13547,8281,6211,9109,2070,4141,11594,15,10,3,9542,2093,897,1,3,15.753643244013226,18.90437189281587,8.592896314916306,false,50
31,3,10,10323,26280,422.47,63.37,190.112,25808,4410,4645,6452,5678,3097,774,5162,30,20,2,3106,1304,559,1,5,40.72478519184794,101.81393550626869,29.08929330024665,false,51
15,2,10,11878,17361,424.15,63.622,190.868,29695,2913,5345,7424,6533,3563,891,5939,30,20,2,2052,1501,643,1,5,46.67373963613501,116.68434909033753,33.33838545438215,false,52
28,3,10,17785,38841,607.03,91.054,273.164,44462,6518,8003,11116,9782,5335,1334,8892,30,20,2,4591,2247,963,1,5,48.83064538271036,122.07524065257621,34.87892034967256,false,53
35,3,10,17862,35277,810.48,121.572,364.716,44655,5919,8038,11164,9824,5358,1340,8931,30,20,2,4170,2257,967,1,5,36.73131971177574,91.82829927943935,26.236656936982673,false,54
8,1,10,2601,6932,99.95,14.992,44.978,6502,1163,1170,1626,1430,781,195,1300,30,20,2,819,329,141,1,5,43.37168584292146,108.42087710521928,30.979094952287745,false,55
1,1,10,999,3260,37.18,5.577,16.731,2498,547,450,624,550,299,75,500,30,20,2,385,126,54,1,5,44.78214093598709,111.97776582391967,31.989072936258438,false,56
8,1,10,5655,9491,143.45,21.518,64.552,14138,1593,2545,3534,3110,1697,424,2828,30,20,2,1122,714,306,1,5,65.70233530846984,164.261647496224,46.93071371652335,false,57
37,4,10,11593,14551,247.83,37.174,111.524,28982,2442,5217,7246,6376,3478,869,5796,30,20,2,1720,1465,628,1,5,77.96338888216384,194.9051096854026,55.68786042101965,false,58
19,2,10,4232,11860,1033.9,361.865,186.102,3386,1990,677,508,745,169,339,948,8,5,4,1402,171,73,1,2,7.723092813983324,6.179204222152064,3.43271098295452,false,59
19,2,10,4761,13758,1263.07,442.074,227.353,3809,2309,762,571,838,190,381,1067,8,5,4,1626,193,83,1,2,7.1120525464315,5.689940800117115,3.1610044515003013,false,60
25,3,10,13718,24708,768.98,192.245,230.694,16462,4146,3292,2469,3622,824,1646,4609,15,10,3,2920,832,357,1,3,32.434937425964506,38.92287067402155,17.69197945348667,false,61
12,2,10,32674,48277,1843.53,460.882,553.059,39209,8101,7842,5881,8626,1960,3921,10979,15,10,3,5706,1982,849,1,3,32.22475469479979,38.66990288389561,17.577179678483162,false,62
1,1,10,1580,4699,120.64,30.16,36.192,1896,788,379,284,417,95,190,531,15,10,3,555,96,41,1,3,23.812394502049674,28.57487340245961,12.988578819299823,false,63
2,1,10,2434,7422,89.1,13.365,40.095,6085,1245,1095,1521,1339,730,183,1217,30,20,2,877,308,132,1,5,45.52936775158997,113.82341937897493,32.52097696542141,false,64
1,1,10,1202,3963,379.58,132.853,68.324,962,665,192,144,212,49,96,269,8,5,4,468,49,21,1,2,5.974838077911491,4.781858761190394,2.6560971492379175,false,65
1,1,10,1191,2409,46.28,6.942,20.826,2978,404,536,744,655,358,89,596,30,20,2,285,150,64,1,5,42.89109766637856,107.24575050417747,30.637968061999366,false,66
20,2,10,12087,31557,571.71,85.756,257.27,30218,5295,5439,7554,6648,3626,907,6044,30,20,2,3730,1527,655,1,5,35.2363960749331,88.09244780279047,25.168973326848562,false,67
6,1,10,47720,79048,2908.11,727.028,872.433,57264,13264,11453,8590,12598,2863,5726,16034,15,10,3,9343,2894,1240,1,3,29.835050682698736,35.802060819238484,16.273664008744763,false,68
46,5,10,23595,56670,6635.27,2322.344,1194.349,18876,9509,3775,2831,4153,944,1888,5285,8,5,4,6698,954,409,1,2,6.709428431768141,5.367542745414513,2.9819681918969514,false,69
42,4,10,42824,85245,2994.39,748.598,898.317,51389,14304,10278,7708,11306,2569,5139,14389,15,10,3,10076,2597,1113,1,3,26.00255629464787,31.20318899275312,14.183237615038896,false,70
18,2,10,13299,24344,559.52,83.928,251.784,33248,4085,5985,8312,7315,3989,997,6650,30,20,2,2877,1680,720,1,5,39.61431226765799,99.03727004098752,28.29605891411032,false,71
15,2,10,12980,17198,341.97,51.296,153.886,32450,2886,5841,8112,7139,3894,974,6490,30,20,2,2033,1640,703,1,5,63.260909826398034,158.15227456599507,45.18636416171288,false,72
15,2,10,8612,15239,353.61,53.042,159.124,21530,2557,3875,5382,4737,2584,646,4306,30,20,2,1801,1088,466,1,5,40.5908581016751,101.47714525418776,28.993470072625072,false,73
37,4,10,16151,15600,610.93,91.639,274.918,40378,2618,7268,10094,8883,4846,1211,8076,30,20,2,1844,2041,875,1,5,44.06136017045098,110.15476447046434,31.47251147132392,false,74
8,1,10,2207,6927,112.61,16.892,50.674,5518,1162,993,1380,1214,661,166,1104,30,20,2,819,279,120,1,5,32.66435781310126,81.66829470443714,23.332288208762815,false,75
17,2,10,25609,17606,1510.76,377.69,453.228,30731,2954,6146,4610,6761,1536,3073,8605,15,10,3,2081,1553,666,1,3,30.820129062073512,36.98439557212625,16.811029219144146,false,76
27,3,10,34724,69485,2558.34,639.585,767.502,41669,11660,8334,6250,9167,2084,4167,11667,15,10,3,8213,2106,903,1,3,24.677933915955446,29.613662836768444,13.460720594085158,false,77
36,4,10,27550,63093,2868.58,717.145,860.574,33060,10587,6612,4959,7273,1653,3306,9257,15,10,3,7458,1671,716,1,3,17.461918123569532,20.954301748283438,9.524682612856108,false,78
36,4,10,10034,23520,3606.26,1262.191,649.127,8027,3947,1605,1204,1766,401,803,2248,8,5,4,2780,406,174,1,2,5.249780517946255,4.199719774522084,2.3332034891509097,false,79
28,3,10,10489,20463,443.49,66.524,199.57,26222,3434,4720,6556,5769,3146,787,5244,30,20,2,2419,1325,568,1,5,39.41840101618225,98.54412350522747,28.15584733312443,false,80
15,2,10,8071,15561,278.97,41.846,125.537,20178,2611,3632,5044,4439,2422,605,4036,30,20,2,1839,1020,437,1,5,48.21875578762479,120.5498766302432,34.44221226530826,false,81
22,2,10,20754,37905,1526.22,381.555,457.866,24905,6360,4981,3736,5479,1246,2490,6973,15,10,3,4480,1259,539,1,3,24.724184884581156,29.66926012096433,13.485968254900321,false,82
20,2,10,4335,16817,338.41,84.602,101.523,5202,2822,1040,780,1144,261,520,1457,15,10,3,1988,263,113,1,3,23.290799194089992,27.948959032907993,12.70407228768545,false,83
1,1,10,828,1906,83.64,20.91,25.092,994,320,199,149,219,50,99,278,15,10,3,225,50,22,1,3,17.999217425329334,21.60775618451372,9.81955110909844,false,84
37,4,10,10874,9057,302.64,45.396,136.188,27185,1520,4893,6796,5981,3262,816,5437,30,20,2,1071,1374,589,1,5,59.88413076041942,149.71032690104855,42.774379114585294,false,85
1,1,10,2035,6687,101.81,15.272,45.814,5088,1122,916,1272,1119,610,153,1018,30,20,2,790,257,110,1,5,33.31368889761975,83.2924074255967,23.79616020091103,false,86
1,1,10,2109,4520,110.72,16.608,49.824,5272,758,949,1318,1160,633,158,1054,30,20,2,534,266,114,1,5,31.746748554913292,79.35934489402698,22.67563451856156,false,87
3,1,10,2862,9554,6405.96,3843.576,256.238,859,1603,172,129,189,42,86,241,0,0,6,1129,43,19,1,1,0.6980804495033189,0.20952170025274316,0.1462630026931346,false,88
29,3,10,44835,81634,1599.64,239.946,719.838,112088,13698,20176,28022,24659,13450,3363,22418,30,20,2,9649,5665,2428,1,5,46.7136355680028,116.7846098705542,33.366925075013214,false,89
41,4,10,39222,76457,4167.77,1041.943,1250.331,47066,12829,9413,7060,10355,2353,4707,13178,15,10,3,9037,2379,1019,1,3,17.110519946568342,20.53244943667293,9.332974826223642,false,90
42,4,10,22867,38556,3740.47,1309.164,673.285,18294,6470,3659,2744,4025,915,1829,5122,8,5,4,4557,925,396,1,2,11.534722961347303,9.227980139716077,5.12660581265974,false,91
33,3,10,24434,23096,969.22,145.383,436.149,61085,3876,10995,15271,13439,7330,1833,12217,30,20,2,2730,3087,1323,1,5,42.016604417297756,105.04151104324438,30.01186029806983,false,92
28,3,10,13981,19556,737.29,184.322,221.187,16777,3281,3355,2517,3691,838,1678,4698,15,10,3,2312,848,363,1,3,34.477656476181785,41.37269456411571,18.80589253855588,false,93
15,2,10,7968,21201,253.76,38.064,114.192,19920,3558,3586,4980,4382,2390,598,3984,30,20,2,2506,1007,431,1,5,52.33291298865069,130.83228247162674,37.38065213475049,false,94
1,1,10,970,2879,125.01,31.252,37.503,1164,483,233,175,256,58,116,326,15,10,3,340,59,25,1,3,14.1080648680096,16.92967784161152,7.6953081098234195,false,95
11,2,10,2759,8143,5655.95,3393.57,226.238,828,1366,166,124,182,41,83,232,0,0,6,963,42,18,1,1,0.7621951219512195,0.22874141390924602,0.17434558986985216,false,96
11,2,10,16718,29791,6730.86,2355.801,1211.555,13374,4999,2675,2006,2942,669,1337,3745,8,5,4,3521,676,290,1,2,4.686383977377083,3.748995054040023,2.0828027154539774,false,97
37,4,10,10396,32744,612.46,91.869,275.607,25990,5494,4678,6498,5718,3118,780,5198,30,20,2,3870,1314,563,1,5,28.290282902829027,70.72570725707257,20.20734493059216,false,98
20,2,10,14691,32328,977.93,244.482,293.379,17629,5425,3526,2644,3878,882,1763,4936,15,10,3,3821,891,382,1,3,27.313748347621413,32.776126173862764,14.898331362011692,false,99
46,5,10,9087,26064,9730.28,4865.14,778.422,4544,4374,909,682,1000,227,454,1272,0,0,5,3081,230,98,1,1,1.6101533038885725,0.8051652484725073,0.536757142753259,false,100
3,1,10,2280,9022,7539.24,4523.544,301.57,684,1514,137,103,150,34,68,192,0,0,6,1066,34,15,1,1,0.47252769571869185,0.14175830871560757,0.066984726966365,false,101
18,2,10,14619,18752,421.47,63.22,189.662,36548,3147,6579,9137,8041,4385,1096,7310,30,20,2,2216,1847,792,1,5,57.80957126248606,144.5259053629756,41.29271230483203,false,102
4,1,10,12229,18231,375.8,56.37,169.11,30572,3059,5503,7643,6726,3669,917,6114,30,20,2,2155,1545,662,1,5,54.23540890544616,135.58630477204184,38.73939676776944,false,103
39,4,10,19920,22404,873.38,218.345,262.014,23904,3759,4781,3586,5259,1195,2390,6693,15,10,3,2648,1208,518,1,3,41.468984655226606,49.76278158627193,22.619446175578148,false,104
6,1,10,56514,67793,3910.52,977.63,1173.156,67817,11376,13563,10173,14920,3390,6782,18989,15,10,3,8013,3427,1469,1,3,26.275975387602486,31.53126345438365,14.332369424045798,false,105
2,1,10,2471,8821,464.88,116.22,139.464,2965,1480,593,445,652,149,296,830,15,10,3,1043,150,64,1,3,9.664273087091878,11.596345488962939,5.271260063139702,false,106
20,2,10,4436,9549,405.65,101.412,121.695,5323,1602,1065,798,1171,267,532,1490,15,10,3,1129,269,115,1,3,19.882836486528884,23.858507352974133,10.844998321323216,false,107
48,5,10,8825,22878,4675.94,1636.579,841.669,7060,3839,1412,1059,1553,353,706,1977,8,5,4,2704,357,153,1,2,3.5609834044050475,2.848786723524038,1.5826592908466877,false,108
11,2,10,32265,67655,3995.25,998.812,1198.575,38718,11353,7744,5808,8518,1935,3872,10841,15,10,3,7997,1957,839,1,3,14.68334890485836,17.620018685830033,8.009099402650014,false,109
19,2,10,7818,19570,2420.37,847.129,435.667,6254,3284,1251,938,1376,313,625,1751,8,5,4,2313,316,135,1,2,6.094499826940527,4.875288042681767,2.708570346623511,false,110
27,3,10,12731,27556,1160.55,290.138,348.165,15277,4624,3055,2292,3361,763,1528,4278,15,10,3,3257,772,331,1,3,19.945073107912698,23.933774398679,10.879066047899968,false,111
30,3,10,31203,31344,1373.42,343.355,412.026,37444,5260,7489,5617,8238,1872,3744,10484,15,10,3,3705,1892,811,1,3,41.30763151310398,49.56968734982743,22.531544778018926,false,112
22,2,10,10597,28908,870.67,217.668,261.201,12716,4851,2543,1907,2798,636,1272,3560,15,10,3,3417,643,275,1,3,22.129225320494747,26.554235083081174,12.070313952533404,false,113
4,1,10,4915,5258,148.53,22.28,66.838,12288,882,2212,3072,2703,1474,369,2458,30,20,2,621,621,266,1,5,55.15159675935277,137.8846024372181,39.39445567511056,false,114
19,2,10,4588,10516,304.09,76.022,91.227,5506,1765,1101,826,1211,275,551,1542,15,10,3,1243,278,119,1,3,27.43215206069991,32.920974116437165,14.963486154766565,false,115
2,1,10,2533,12583,583.72,204.302,105.07,2026,2111,405,304,446,101,203,567,8,5,4,1487,102,44,1,2,8.187554141939156,6.548750371720777,3.6385138608398178,false,116
3,1,10,12767,30740,7941.76,3970.88,635.341,6384,5158,1277,958,1404,319,638,1788,0,0,5,3633,323,138,1,1,2.7716863780526375,1.3859517378779698,0.9239437020253792,false,117
30,3,10,13475,23396,1900.31,475.078,570.093,16170,3926,3234,2426,3557,808,1617,4528,15,10,3,2765,817,350,1,3,12.89262713948244,15.47115256737893,7.03234207608133,false,118
22,2,10,9082,14778,434.99,65.248,195.746,22705,2480,4087,5676,4995,2725,681,4541,30,20,2,1747,1147,492,1,5,34.797734813827134,86.99433703456783,24.85552486701938,false,119
40,4,10,28113,60306,3208.73,802.182,962.619,33736,10119,6747,5060,7422,1687,3374,9446,15,10,3,7128,1705,731,1,3,15.929841381549535,19.116036312309433,8.689051219065062,false,120
11,2,10,11206,15785,4389.5,1536.325,790.11,8965,2649,1793,1345,1972,449,896,2510,8,5,4,1866,453,194,1,2,4.816811989159379,3.8535355597727854,2.1408318617229605,false,121
25,3,10,17422,24745,743.34,111.501,334.503,43555,4152,7840,10889,9582,5226,1307,8711,30,20,2,2925,2201,943,1,5,39.06242993336382,97.65607483340956,27.90173566668845,false,122
2,1,10,3062,10808,280.25,70.062,84.075,3674,1814,735,551,808,184,367,1029,15,10,3,1278,186,80,1,3,19.86544437740452,23.83593815891058,10.835160724849198,false,123
30,3,10,25856,38754,1450.64,362.66,435.192,31027,6503,6205,4654,6826,1551,3103,8688,15,10,3,4581,1568,672,1,3,32.40701282944706,38.88816472227931,17.676500660289612,false,124
10,1,10,45967,97214,6139.56,1534.89,1841.868,55160,16313,11032,8274,12135,2758,5516,15445,15,10,3,11491,2788,1195,1,3,13.612761115839513,16.335194882191736,7.425117952176052,false,125
11,2,10,17999,29956,2748.49,687.122,824.547,21599,5027,4320,3240,4752,1079,2160,6048,15,10,3,3541,1092,468,1,3,11.906707089978031,14.28818081206931,6.494594839043272,false,126
4,1,10,1446,2806,122.89,30.722,36.867,1735,471,347,260,382,86,174,486,15,10,3,332,88,38,1,3,21.39401381881667,25.669857521194277,11.668850668232293,false,127
4,1,10,7013,10669,188.79,28.318,84.956,17532,1790,3156,4383,3857,2104,526,3506,30,20,2,1261,886,380,1,5,61.91182442572876,154.7751469887176,44.222371392620765,false,128
38,4,10,44648,92244,3690.51,922.628,1107.153,53578,15479,10716,8037,11787,2678,5358,15002,15,10,3,10903,2708,1160,1,3,21.996461687246065,26.395951090290037,11.998110727091296,false,129
21,2,10,59364,124916,12120.12,4242.042,2181.622,47491,20961,9498,7124,10448,2375,4749,13297,8,5,4,14765,2400,1029,1,2,9.241454721168479,7.393132642055997,4.107303599859737,false,130
24,3,10,13832,32590,1339.46,334.865,401.838,16598,5469,3320,2490,3652,829,1660,4647,15,10,3,3852,839,360,1,3,18.775544554589843,22.530110505861927,10.241093937465731,false,131
35,3,10,23072,44825,2038.31,509.578,611.493,27686,7522,5537,4153,6091,1384,2769,7752,15,10,3,5298,1399,600,1,3,20.580320068934082,24.69602728105535,11.225555408576165,false,132
50,5,10,9940,22472,3703.4,1296.19,666.612,7952,3771,1590,1193,1749,398,795,2227,8,5,4,2656,402,172,1,2,5.064188848391228,4.051351078712982,2.25075059928499,false,133
33,3,10,14323,11101,480.34,72.051,216.153,35808,1863,6445,8952,7878,4297,1074,7162,30,20,2,1312,1810,776,1,5,49.6974365380078,124.24532622725569,35.49831057734701,false,134
22,2,10,3645,8219,310.51,77.628,93.153,4374,1379,875,656,962,219,437,1225,15,10,3,971,221,95,1,3,21.34312364958631,25.611748379503574,11.64170380886526,false,135
15,2,10,3966,12252,160.91,24.136,72.41,9915,2056,1785,2479,2181,1190,297,1983,30,20,2,1448,501,215,1,5,41.07886396122056,102.6971599030514,29.342045686586115,false,136
23,3,10,30848,76208,4207.2,1051.8,1262.16,37018,12788,7404,5553,8144,1850,3702,10365,15,10,3,9008,1871,802,1,3,13.331258967311449,15.997683624608895,7.271631515809612,false,137
45,5,10,27138,44869,1692.66,423.165,507.798,32566,7529,6513,4885,7165,1628,3257,9118,15,10,3,5304,1646,705,1,3,29.150460329787542,34.980982058363224,15.900339861648487,false,138
20,2,10,13562,20166,747.06,186.765,224.118,16274,3384,3255,2441,3580,814,1627,4557,15,10,3,2384,822,352,1,3,33.006963052742506,39.6073821501498,18.003596886993282,false,139
27,3,10,27071,45949,2065.8,516.45,619.74,32485,7710,6497,4873,7147,1624,3248,9096,15,10,3,5431,1642,704,1,3,23.826120631232452,28.59116873058203,12.996029429538353,false,140
29,3,10,24759,43665,1599.8,399.95,479.94,29711,7327,5942,4457,6536,1486,2971,8319,15,10,3,5161,1501,643,1,3,28.13874461580425,33.766720840105016,15.348453116948045,false,141
38,4,10,11822,27465,1563.83,390.958,469.149,14186,4609,2837,2128,3121,709,1419,3972,15,10,3,3246,717,307,1,3,13.744801518880791,16.493296764239798,7.497068376916445,false,142
24,3,10,23204,49216,1811.44,452.86,543.432,27845,8258,5569,4177,6126,1392,2784,7797,15,10,3,5817,1407,603,1,3,23.290360657317333,27.948633533140885,12.703874561754416,false,143
18,2,10,5861,16048,256.07,38.41,115.232,14652,2693,2637,3663,3223,1759,440,2930,30,20,2,1897,740,317,1,5,38.14712122987204,95.36454875619948,27.247678070496036,false,144
4,1,10,6442,11243,160.14,24.021,72.063,16105,1887,2899,4026,3543,1933,483,3221,30,20,2,1329,814,349,1,5,67.04550185254568,167.61375463136423,47.88964418038977,false,145
32,3,10,35484,86495,6096.09,1524.022,1828.827,42581,14514,8516,6387,9368,2129,4258,11923,15,10,3,10224,2152,922,1,3,10.583238314639281,12.699945628329816,5.772687768854867,false,146
18,2,10,5051,13027,229.15,34.372,103.118,12628,2186,2273,3157,2778,1515,379,2526,30,20,2,1540,638,274,1,5,36.73721725216379,91.84667975852788,26.24116632503673,false,147
13,2,10,3753,7593,99.89,14.984,44.95,9382,1274,1689,2346,2064,1126,281,1876,30,20,2,897,474,203,1,5,62.61888076884573,156.5388594120199,44.72709093059083,false,148
25,3,10,13073,18514,592.22,88.833,266.499,32682,3107,5883,8170,7190,3923,980,6536,30,20,2,2188,1652,708,1,5,36.79094480654712,91.97595488163182,26.27913142099383,false,149
17,2,10,30337,25879,1195.18,298.795,358.554,36404,4342,7281,5461,8009,1820,3640,10193,15,10,3,3059,1840,789,1,3,46.15052278165785,55.38001883322254,25.172886701479932,false,150
45,5,10,13303,24932,1211.34,302.835,363.402,15964,4184,3193,2395,3512,798,1596,4470,15,10,3,2947,807,346,1,3,19.967368969300715,23.96144315011025,10.891416210268105,false,151
14,2,10,22406,36237,1158.34,289.585,347.502,26887,6081,5377,4033,5915,1345,2689,7528,15,10,3,4283,1359,582,1,3,35.16945095410831,42.20302721606311,19.183272022459782,false,152
44,4,10,10254,24289,2688.4,940.94,483.912,8203,4076,1641,1230,1805,410,820,2297,8,5,4,2871,415,178,1,2,7.196536903481905,5.757089157330024,3.198417522851063,false,153
10,1,10,13855,45097,8785.82,4392.91,702.866,6928,7567,1386,1039,1524,346,693,1940,0,0,5,5330,350,150,1,1,2.7189185709889916,1.3595574059770288,0.9063497983838587,false,154
43,4,10,18053,47700,3159.54,789.885,947.862,21664,8004,4333,3250,4766,1083,2166,6066,15,10,3,5638,1095,469,1,3,10.38873898214182,12.46671696167509,5.666632457363859,false,155
43,4,10,26181,49487,3150.4,787.6,945.12,31417,8304,6283,4713,6912,1570,3142,8797,15,10,3,5849,1588,681,1,3,15.109769610785355,18.131608107484187,8.241668666655848,false,156
30,3,10,15694,19869,702.83,105.425,316.274,39235,3334,7062,9809,8632,4708,1177,7847,30,20,2,2349,1983,850,1,5,37.216118605925075,93.0402965148127,26.58294186137506,false,157
12,2,10,18981,29754,1218.3,304.575,365.49,22777,4993,4555,3417,5011,1138,2278,6378,15,10,3,3517,1151,493,1,3,28.32710259452441,33.992224634923474,15.45108520033245,false,158
23,3,10,29832,80059,4786.06,1196.515,1435.818,35798,13434,7160,5370,7876,1789,3580,10023,15,10,3,9463,1809,775,1,3,11.332912667204338,13.59934324418681,6.181557331412173,false,159
35,3,10,15675,34593,1340.3,335.075,402.09,18810,5805,3762,2822,4138,940,1881,5267,15,10,3,4089,951,407,1,3,21.26389614265463,25.516675371185556,11.598488805084344,false,160
15,2,10,2762,8942,178.01,44.502,53.403,3314,1500,663,497,729,166,331,928,15,10,3,1057,167,72,1,3,28.21102088759512,33.84913947193708,15.386985388658692,false,161
33,3,10,33423,67346,1878.06,469.515,563.418,40108,11301,8022,6016,8824,2005,4011,11230,15,10,3,7960,2027,869,1,3,32.35737458286258,38.829236746236205,17.649557054432183,false,162
22,2,10,9276,18818,682.39,170.598,204.717,11131,3158,2226,1670,2449,556,1113,3117,15,10,3,2224,563,241,1,3,24.715239199072776,29.657754153177994,13.48092946169839,false,163
25,3,10,9443,23311,824.77,206.192,247.431,11332,3912,2266,1700,2493,567,1133,3173,15,10,3,2755,573,245,1,3,20.816845706677128,24.981096637516174,11.354825297139119,false,164
19,2,10,11329,25007,1531.34,382.835,459.402,13595,4196,2719,2039,2991,679,1360,3807,15,10,3,2956,687,294,1,3,13.451083246164679,16.14153735824952,7.337003560087016,false,165
30,3,10,27325,42560,2626.77,656.692,788.031,32790,7142,6558,4918,7214,1640,3279,9181,15,10,3,5031,1657,710,1,3,18.913660265670305,22.696392318804367,10.316541963092895,false,166
3,1,10,11635,33790,5592.03,1957.21,1006.565,9308,5670,1862,1396,2048,465,931,2606,8,5,4,3994,470,202,1,2,3.9257366028122918,3.140589282249833,1.7447718234721297,false,167
3,1,10,15799,38983,9859.54,4929.77,788.763,7900,6541,1580,1185,1738,395,790,2212,0,0,5,4608,399,171,1,1,2.7627715010125846,1.381473185518034,0.9209626928562141,false,168
26,3,10,24103,44982,975.67,146.35,439.052,60258,7548,10846,15064,13257,7231,1808,12052,30,20,2,5317,3045,1305,1,5,41.17341587490306,102.93439380118276,29.409652490960376,false,169
9,1,10,15897,21136,1171.2,292.8,351.36,19076,3547,3815,2861,4197,954,1908,5341,15,10,3,2498,964,413,1,3,24.678651266766018,29.613760556383504,13.460954209385198,false,170
34,3,10,18535,31114,2170.67,542.668,651.201,22242,5221,4448,3336,4893,1113,2224,6228,15,10,3,3678,1124,482,1,3,15.525153932299103,18.630184718758922,8.468265781254056,false,171
34,3,10,27260,45287,1499.98,374.995,449.994,32712,7599,6542,4907,7197,1636,3271,9159,15,10,3,5353,1653,709,1,3,33.04286481395509,39.651437776746114,18.023380807611872,false,172
44,4,10,17202,42538,2221.2,555.3,666.36,20642,7138,4128,3096,4541,1033,2064,5780,15,10,3,5028,1043,447,1,3,14.080840823142283,16.89668156442873,7.680390980639018,false,173
44,4,10,10985,29009,1994.57,698.099,359.023,8788,4868,1758,1318,1933,439,879,2461,8,5,4,3429,444,190,1,2,10.391421236148712,8.31313698891897,4.618409438288317,false,174
14,2,10,20256,34104,1128.53,282.132,338.559,24307,5723,4861,3646,5348,1215,2431,6806,15,10,3,4031,1229,527,1,3,32.63459595837542,39.16119292852643,17.80062212957457,false,175
47,5,10,31770,42233,1637.06,409.265,491.118,38124,7087,7625,5719,8387,1906,3812,10675,15,10,3,4992,1927,826,1,3,35.28498427891242,42.3419811346949,19.246355061224957,false,176
50,5,10,9247,25231,2195.38,768.383,395.168,7398,4234,1480,1110,1628,369,740,2071,8,5,4,2982,374,160,1,2,7.947223628358362,6.358122677905825,3.532205491294392,false,177
50,5,10,13723,25724,1227.93,306.982,368.379,16468,4316,3294,2470,3623,823,1647,4611,15,10,3,3041,832,357,1,3,20.31950319902985,24.38399611467052,11.083487750707945,false,178
50,5,10,17326,33492,1287.45,321.862,386.235,20791,5620,4158,3119,4574,1040,2079,5821,15,10,3,3959,1051,450,1,3,24.468399103512656,29.36179647703634,13.34634115384557,false,179
47,5,10,35839,47911,3071.02,767.755,921.306,43007,8039,8601,6451,9462,2150,4301,12042,15,10,3,5663,2174,932,1,3,21.21829821421488,25.462076266043674,11.573641672358006,false,180
