person_id,tour_id,trip_id,trip_num,depart,purpose,mode,origin_osmid,origin_name,origin_lat,origin_lon,dest_osmid,dest_name,dest_lat,dest_lon
9886,405365,3242921,1,7,work,car,573,Unnamed_home_573,13.752290600000004,100.49899315,362,Unnamed_work_362,13.753372231380409,100.50064163258048
9886,405365,3242925,1,16,home,car,362,Unnamed_work_362,13.753372231380409,100.50064163258048,573,Unnamed_home_573,13.752290600000004,100.49899315
9888,405444,3243557,1,11,home,car,118,Unnamed_home_118,13.75581285,100.50090555,118,Unnamed_home_118,13.75581285,100.50090555
15506,635752,5086021,1,19,home,car,650,Unnamed_home_650,13.752391928873765,100.49807207684904,650,Unnamed_home_650,13.752391928873765,100.49807207684904
15507,635820,5086561,1,8,shopping,car,261,Unnamed_home_261,13.755682849999996,100.5005014,108,ริมขอบฟ้า,13.75624837744156,100.50137240991776
15507,635820,5086565,1,12,home,car,108,ริมขอบฟ้า,13.75624837744156,100.50137240991776,261,Unnamed_home_261,13.755682849999996,100.5005014
15507,635823,5086589,1,18,home,car,261,Unnamed_home_261,13.755682849999996,100.5005014,261,Unnamed_home_261,13.755682849999996,100.5005014
15508,635861,5086889,1,11,shopping,car,235,Unnamed_home_235,13.755556446179002,100.49989521940115,52,7-Eleven,13.754506,100.4985151
15508,635861,5086893,1,12,home,car,52,7-Eleven,13.754506,100.4985151,235,Unnamed_home_235,13.755556446179002,100.49989521940115
15510,635919,5087357,1,9,home,car,648,Unnamed_home_648,13.75239546058325,100.49812550527966,648,Unnamed_home_648,13.75239546058325,100.49812550527966
17675,724714,5797713,1,18,work,car,173,Unnamed_home_173,13.75608045,100.4986565,329,Unnamed_work_329,13.752774203864938,100.50077817023204
17675,724714,5797717,1,20,home,car,329,Unnamed_work_329,13.752774203864938,100.50077817023204,173,Unnamed_home_173,13.75608045,100.4986565
17676,724755,5798041,1,7,work,car,522,เย็นเย็น,13.752749060910714,100.49908651376178,624,Unnamed_work_624,13.75347596484074,100.49932780576287
17676,724755,5798045,1,18,home,car,624,Unnamed_work_624,13.75347596484074,100.49932780576287,522,เย็นเย็น,13.752749060910714,100.49908651376178
17677,724766,5798133,1,18,home,car,122,Unnamed_home_122,13.755526868914686,100.50112291690176,122,Unnamed_home_122,13.755526868914686,100.50112291690176
17677,724796,5798369,1,7,work,car,122,Unnamed_home_122,13.755526868914686,100.50112291690176,167,Aksorn Education PLC (Head Office),13.753210574310405,100.49818520911543
17677,724796,5798374,2,18,home,car,167,Aksorn Education PLC (Head Office),13.753210574310405,100.49818520911543,122,Unnamed_home_122,13.755526868914686,100.50112291690176
17678,724837,5798697,1,8,work,car,163,Unnamed_home_163,13.753530854808464,100.497963135442,506,ส.วัฒนป่าง,13.753429139272988,100.49953066739708
17678,724837,5798701,1,20,home,car,506,ส.วัฒนป่าง,13.753429139272988,100.49953066739708,163,Unnamed_home_163,13.753530854808464,100.497963135442
26414,1083013,8664105,1,8,work,car,240,Unnamed_home_240,13.755337028064774,100.50078427434718,664,Unnamed_work_664,13.752335202528132,100.49822699783816
26414,1083013,8664109,1,15,home,car,664,Unnamed_work_664,13.752335202528132,100.49822699783816,240,Unnamed_home_240,13.755337028064774,100.50078427434718
26414,1083014,8664113,1,17,work,car,240,Unnamed_home_240,13.755337028064774,100.50078427434718,664,Unnamed_work_664,13.752335202528132,100.49822699783816
26414,1083014,8664117,1,20,home,car,664,Unnamed_work_664,13.752335202528132,100.49822699783816,240,Unnamed_home_240,13.755337028064774,100.50078427434718
26415,1083019,8664157,1,13,work,car,528,Unnamed_home_528,13.752737009934718,100.49888760716794,167,Aksorn Education PLC (Head Office),13.753210574310405,100.49818520911543
26415,1083054,8664433,1,6,work,car,167,Aksorn Education PLC (Head Office),13.753210574310405,100.49818520911543,167,Aksorn Education PLC (Head Office),13.753210574310405,100.49818520911543
26415,1083054,8664437,1,22,home,car,167,Aksorn Education PLC (Head Office),13.753210574310405,100.49818520911543,528,Unnamed_home_528,13.752737009934718,100.49888760716794
26416,1083087,8664701,1,16,home,car,501,Unnamed_home_501,13.753211748729456,100.49940843404656,501,Unnamed_home_501,13.753211748729456,100.49940843404656
41281,1692540,13540321,1,10,shopping,car,222,Unnamed_home_222,13.755852149999996,100.4995137,440,จองหลุยส์ดาวี,13.753471377730571,100.50011368234414
41281,1692540,13540325,1,13,home,car,440,จองหลุยส์ดาวี,13.753471377730571,100.50011368234414,222,Unnamed_home_222,13.755852149999996,100.4995137
41281,1692546,13540373,1,20,home,car,222,Unnamed_home_222,13.755852149999996,100.4995137,222,Unnamed_home_222,13.755852149999996,100.4995137
42190,1729807,13838461,1,13,home,car,578,Unnamed_home_578,13.752058257966754,100.49908946655596,578,Unnamed_home_578,13.752058257966754,100.49908946655596
42190,1729823,13838585,1,14,shopping,car,578,Unnamed_home_578,13.752058257966754,100.49908946655596,439,Hong,13.753443796037509,100.50020077035263
42190,1729823,13838589,1,16,home,car,439,Hong,13.753443796037509,100.50020077035263,578,Unnamed_home_578,13.752058257966754,100.49908946655596
44898,1840846,14726773,1,19,home,car,492,Unnamed_home_492,13.753019440526224,100.49925033209558,492,Unnamed_home_492,13.753019440526224,100.49925033209558
44898,1840857,14726857,1,7,work,car,492,Unnamed_home_492,13.753019440526224,100.49925033209558,623,Unnamed_work_623,13.753576221330531,100.49935936147976
44898,1840857,14726861,1,17,home,car,623,Unnamed_work_623,13.753576221330531,100.49935936147976,492,Unnamed_home_492,13.753019440526224,100.49925033209558
44899,1840898,14727185,1,8,work,car,233,Unnamed_home_233,13.755542823373307,100.49972901265272,627,Unnamed_work_627,13.753600532442702,100.4991455598656
44899,1840898,14727189,1,16,home,car,627,Unnamed_work_627,13.753600532442702,100.4991455598656,233,Unnamed_home_233,13.755542823373307,100.49972901265272
50026,2051105,16408841,1,7,work,car,521,Unnamed_home_521,13.75271685855539,100.49855604722228,549,Unnamed_work_549,13.752546638644208,100.49973838748708
50026,2051105,16408845,1,21,home,car,549,Unnamed_work_549,13.752546638644208,100.49973838748708,521,Unnamed_home_521,13.75271685855539,100.49855604722228
50027,2051116,16408933,1,15,home,car,102,Unnamed_home_102,13.75611077524606,100.50208930911698,102,Unnamed_home_102,13.75611077524606,100.50208930911698
50027,2051117,16408941,1,17,shopping,car,102,Unnamed_home_102,13.75611077524606,100.50208930911698,535,เฮ้งนำเซ้ง,13.75272290910269,100.49865555004378
50027,2051117,16408943,3,18,shopping,car,535,เฮ้งนำเซ้ง,13.75272290910269,100.49865555004378,544,สมพลพาณิชย์,13.752347002514105,100.49840431243888
50027,2051117,16408944,4,18,home,car,544,สมพลพาณิชย์,13.752347002514105,100.49840431243888,102,Unnamed_home_102,13.75611077524606,100.50208930911698
50028,2051179,16409437,1,18,home,car,202,Unnamed_home_202,13.75597695,100.49903555,202,Unnamed_home_202,13.75597695,100.49903555
50029,2051214,16409717,1,19,home,car,607,Unnamed_home_607,13.752549837394044,100.49905752591806,607,Unnamed_home_607,13.752549837394044,100.49905752591806
50029,2051220,16409765,1,15,home,car,607,Unnamed_home_607,13.752549837394044,100.49905752591806,607,Unnamed_home_607,13.752549837394044,100.49905752591806
51452,2109536,16876293,1,10,work,car,412,Unnamed_home_412,13.752057501308949,100.50004205383917,559,Unnamed_work_559,13.752544465420364,100.49963335435152
51452,2109571,16876569,1,7,work,car,559,Unnamed_work_559,13.752544465420364,100.49963335435152,559,Unnamed_work_559,13.752544465420364,100.49963335435152
51452,2109571,16876573,1,18,home,car,559,Unnamed_work_559,13.752544465420364,100.49963335435152,412,Unnamed_home_412,13.752057501308949,100.50004205383917
51453,2109612,16876897,1,6,work,car,263,Unnamed_home_263,13.755558906535356,100.50038306752214,375,เซ็งซิมอี้,13.753177360255842,100.50093821366632
51453,2109612,16876901,1,19,home,car,375,เซ็งซิมอี้,13.753177360255842,100.50093821366632,263,Unnamed_home_263,13.755558906535356,100.50038306752214
51454,2109639,16877117,1,20,home,car,231,Unnamed_home_231,13.75556962001258,100.49961290602133,231,Unnamed_home_231,13.75556962001258,100.49961290602133
51454,2109645,16877165,1,18,home,car,231,Unnamed_home_231,13.75556962001258,100.49961290602133,231,Unnamed_home_231,13.75556962001258,100.49961290602133
51455,2109664,16877317,1,14,home,car,663,Unnamed_home_663,13.752025326255527,100.49801232594828,663,Unnamed_home_663,13.752025326255527,100.49801232594828
51455,2109683,16877469,1,22,home,car,663,Unnamed_home_663,13.752025326255527,100.49801232594828,663,Unnamed_home_663,13.752025326255527,100.49801232594828
51456,2109721,16877773,1,22,home,car,336,Unnamed_home_336,13.75274109763261,100.50039011734503,336,Unnamed_home_336,13.75274109763261,100.50039011734503
79591,3263256,26106053,1,11,home,car,173,Unnamed_home_173,13.75608045,100.4986565,173,Unnamed_home_173,13.75608045,100.4986565
79591,3263259,26106077,1,18,home,car,173,Unnamed_home_173,13.75608045,100.4986565,173,Unnamed_home_173,13.75608045,100.4986565
79592,3263276,26106213,1,13,work,car,163,Unnamed_home_163,13.753530854808464,100.497963135442,616,บรรพชน,13.753515802597567,100.49968405589368
79592,3263311,26106489,1,8,shopping,car,616,บรรพชน,13.753515802597567,100.49968405589368,47,7-Eleven,13.7538757,100.4988102
79592,3263311,26106490,2,8,work,car,47,7-Eleven,13.7538757,100.4988102,616,บรรพชน,13.753515802597567,100.49968405589368
79592,3263311,26106494,2,23,home,car,616,บรรพชน,13.753515802597567,100.49968405589368,163,Unnamed_home_163,13.753530854808464,100.497963135442
81697,3349577,26796621,1,13,work,car,348,Unnamed_home_348,13.753166753476794,100.50058446555408,560,Unnamed_work_560,13.75254528408874,100.4996683574741
81697,3349616,26796929,1,8,work,car,560,Unnamed_work_560,13.75254528408874,100.4996683574741,560,Unnamed_work_560,13.75254528408874,100.4996683574741
81697,3349616,26796933,1,17,home,car,560,Unnamed_work_560,13.75254528408874,100.4996683574741,348,Unnamed_home_348,13.753166753476794,100.50058446555408
81698,3349651,26797209,1,16,shopping,car,529,Unnamed_home_529,13.752735009867758,100.49885445605808,142,Unnamed_shopping_142,13.754493950189064,100.49842434039036
81698,3349651,26797213,1,16,home,car,142,Unnamed_shopping_142,13.754493950189064,100.49842434039036,529,Unnamed_home_529,13.752735009867758,100.49885445605808
81698,3349657,26797257,1,6,work,car,529,Unnamed_home_529,13.752735009867758,100.49885445605808,315,Unnamed_work_315,13.752002836950911,100.50069879703588
81698,3349657,26797261,1,10,home,car,315,Unnamed_work_315,13.752002836950911,100.50069879703588,529,Unnamed_home_529,13.752735009867758,100.49885445605808
81699,3349698,26797589,1,18,home,car,644,Unnamed_home_644,13.75240241050192,100.49823235737216,644,Unnamed_home_644,13.75240241050192,100.49823235737216
81699,3349698,26797586,2,8,work,car,644,Unnamed_home_644,13.75240241050192,100.49823235737216,628,Unnamed_work_628,13.75359978895126,100.49920779198573
81701,3349772,26798181,1,10,home,car,487,Unnamed_home_487,13.75303295,100.49949155,487,Unnamed_home_487,13.75303295,100.49949155
81702,3349813,26798509,1,16,home,car,184,Unnamed_home_184,13.755918378915,100.49826628955954,184,Unnamed_home_184,13.755918378915,100.49826628955954
81703,3349829,26798637,1,21,home,car,380,Unnamed_home_380,13.753217013002017,100.50082456076352,380,Unnamed_home_380,13.753217013002017,100.50082456076352
81703,3349854,26798837,1,18,home,car,380,Unnamed_home_380,13.753217013002017,100.50082456076352,380,Unnamed_home_380,13.753217013002017,100.50082456076352
84470,3463309,27706473,1,6,work,car,153,Unnamed_home_153,13.75371469055055,100.49857476816209,552,Unnamed_work_552,13.75253958396794,100.49938833183724
84470,3463309,27706477,1,21,home,car,552,Unnamed_work_552,13.75253958396794,100.49938833183724,153,Unnamed_home_153,13.75371469055055,100.49857476816209
84471,3463320,27706565,1,5,home,car,566,Unnamed_home_566,13.752188048899882,100.49946406267428,566,Unnamed_home_566,13.752188048899882,100.49946406267428
84471,3463321,27706573,1,9,home,car,566,Unnamed_home_566,13.752188048899882,100.49946406267428,566,Unnamed_home_566,13.752188048899882,100.49946406267428
84471,3463339,27706717,1,13,home,car,566,Unnamed_home_566,13.752188048899882,100.49946406267428,566,Unnamed_home_566,13.752188048899882,100.49946406267428
84471,3463340,27706725,1,16,home,car,566,Unnamed_home_566,13.752188048899882,100.49946406267428,566,Unnamed_home_566,13.752188048899882,100.49946406267428
84472,3463377,27707021,1,15,home,car,537,Unnamed_home_537,13.75271885861497,100.49858919820976,537,Unnamed_home_537,13.75271885861497,100.49858919820976
84473,3463418,27707349,1,15,home,car,350,Unnamed_home_350,13.75316847573908,100.50052224705736,350,Unnamed_home_350,13.75316847573908,100.50052224705736
90310,3702719,29621757,1,18,home,car,512,Unnamed_home_512,13.752781750000004,100.4998012,512,Unnamed_home_512,13.752781750000004,100.4998012
90311,3702790,29622321,1,6,work,car,219,Unnamed_home_219,13.75612438198007,100.4996060976571,322,Unnamed_work_322,13.75254200173656,100.50085452908414
90311,3702790,29622325,1,21,home,car,322,Unnamed_work_322,13.75254200173656,100.50085452908414,219,Unnamed_home_219,13.75612438198007,100.4996060976571
90312,3702828,29622629,1,16,home,car,129,Unnamed_home_129,13.755651262526277,100.50198070545896,129,Unnamed_home_129,13.755651262526277,100.50198070545896
90313,3702842,29622741,1,23,home,car,584,Unnamed_home_584,13.752266864295631,100.49909096669752,584,Unnamed_home_584,13.752266864295631,100.49909096669752
92600,3796604,30372837,1,17,work,car,237,Unnamed_home_237,13.755483156645896,100.4999727305906,552,Unnamed_work_552,13.75253958396794,100.49938833183724
92600,3796639,30373113,1,11,work,car,552,Unnamed_work_552,13.75253958396794,100.49938833183724,552,Unnamed_work_552,13.75253958396794,100.49938833183724
92600,3796639,30373117,1,19,home,car,552,Unnamed_work_552,13.75253958396794,100.49938833183724,237,Unnamed_home_237,13.755483156645896,100.4999727305906
99409,4075794,32606357,1,20,home,car,153,Unnamed_home_153,13.75371469055055,100.49857476816209,153,Unnamed_home_153,13.75371469055055,100.49857476816209
99409,4075808,32606465,1,7,work,car,153,Unnamed_home_153,13.75371469055055,100.49857476816209,540,Unnamed_work_540,13.752233404071523,100.49838828959928
99409,4075808,32606469,1,18,home,car,540,Unnamed_work_540,13.752233404071523,100.49838828959928,153,Unnamed_home_153,13.75371469055055,100.49857476816209
99410,4075849,32606793,1,9,work,car,172,Unnamed_home_172,13.755480411702749,100.49826250786002,616,บรรพชน,13.753515802597567,100.49968405589368
99410,4075849,32606797,1,19,home,car,616,บรรพชน,13.753515802597567,100.49968405589368,172,Unnamed_home_172,13.755480411702749,100.49826250786002
101576,4164620,33316965,1,13,work,car,263,Unnamed_home_263,13.755558906535356,100.50038306752214,628,Unnamed_work_628,13.75359978895126,100.49920779198573
101576,4164655,33317241,1,7,work,car,628,Unnamed_work_628,13.75359978895126,100.49920779198573,628,Unnamed_work_628,13.75359978895126,100.49920779198573
101576,4164655,33317245,1,18,home,car,628,Unnamed_work_628,13.75359978895126,100.49920779198573,263,Unnamed_home_263,13.755558906535356,100.50038306752214
102171,4189044,33512357,1,22,home,car,571,Unnamed_home_571,13.752301634916668,100.4990912446157,571,Unnamed_home_571,13.752301634916668,100.4990912446157
102171,4189044,33512354,2,21,shopping,car,571,Unnamed_home_571,13.752301634916668,100.4990912446157,561,ศ.สังฆภัณฑ์,13.752545937088655,100.4997033845498
102171,4189050,33512401,1,8,work,car,561,ศ.สังฆภัณฑ์,13.752545937088655,100.4997033845498,596,ก.พานิช,13.7520839298501,100.49838249151384
102171,4189050,33512405,1,18,work,car,596,ก.พานิช,13.7520839298501,100.49838249151384,596,ก.พานิช,13.7520839298501,100.49838249151384
102171,4189050,33512408,4,20,home,car,596,ก.พานิช,13.7520839298501,100.49838249151384,571,Unnamed_home_571,13.752301634916668,100.4990912446157
102172,4189061,33512493,1,9,home,car,204,Unnamed_home_204,13.755676749999996,100.49902015,204,Unnamed_home_204,13.755676749999996,100.49902015
102172,4189085,33512681,1,12,shopping,car,204,Unnamed_home_204,13.755676749999996,100.49902015,313,สุวรรณประดิษฐ์,13.752141534528938,100.50076961795024
102172,4189085,33512685,1,14,home,car,313,สุวรรณประดิษฐ์,13.752141534528938,100.50076961795024,204,Unnamed_home_204,13.755676749999996,100.49902015
102172,4189091,33512729,1,17,work,car,204,Unnamed_home_204,13.755676749999996,100.49902015,594,สำนักงานชัยพัฒน์,13.752000155312954,100.49837268825009
102172,4189091,33512733,1,20,home,car,594,สำนักงานชัยพัฒน์,13.752000155312954,100.49837268825009,204,Unnamed_home_204,13.755676749999996,100.49902015
102173,4189102,33512821,1,19,home,car,228,Unnamed_home_228,13.755689617928653,100.49963449199436,228,Unnamed_home_228,13.755689617928653,100.49963449199436
102173,4189124,33512997,1,15,home,car,228,Unnamed_home_228,13.755689617928653,100.49963449199436,228,Unnamed_home_228,13.755689617928653,100.49963449199436
104421,4281300,34250401,1,15,work,car,589,Unnamed_home_589,13.75213256154653,100.49922452775462,548,Unnamed_work_548,13.752541392546457,100.49981551638376
104421,4281300,34250405,1,18,home,car,548,Unnamed_work_548,13.752541392546457,100.49981551638376,589,Unnamed_home_589,13.75213256154653,100.49922452775462
104422,4281335,34250681,1,17,shopping,car,609,Unnamed_home_609,13.75237692617113,100.49886415751892,436,ซินเวอร์,13.753434008489554,100.50023794164146
104422,4281335,34250685,1,23,home,car,436,ซินเวอร์,13.753434008489554,100.50023794164146,609,Unnamed_home_609,13.75237692617113,100.49886415751892
104422,4281341,34250729,1,9,work,car,609,Unnamed_home_609,13.75237692617113,100.49886415751892,323,Unnamed_work_323,13.752572850000002,100.5008586
104422,4281341,34250733,1,16,home,car,323,Unnamed_work_323,13.752572850000002,100.5008586,609,Unnamed_home_609,13.75237692617113,100.49886415751892
114238,4683797,37470377,1,6,work,car,531,Unnamed_home_531,13.752730909546004,100.49878810405832,414,Unnamed_work_414,13.752036457463484,100.49940123430709
114238,4683797,37470381,1,17,home,car,414,Unnamed_work_414,13.752036457463484,100.49940123430709,531,Unnamed_home_531,13.752730909546004,100.49878810405832
114239,4683838,37470705,1,9,work,car,485,Unnamed_home_485,13.753032199999994,100.49959385,542,Unnamed_work_542,13.752290206590573,100.49839625217224
114239,4683838,37470709,1,18,home,car,542,Unnamed_work_542,13.752290206590573,100.49839625217224,485,Unnamed_home_485,13.753032199999994,100.49959385
114240,4683871,37470973,1,18,home,car,204,Unnamed_home_204,13.755676749999996,100.49902015,204,Unnamed_home_204,13.755676749999996,100.49902015
114241,4683912,37471301,1,13,home,car,444,Unnamed_home_444,13.753327760354331,100.50021748086893,444,Unnamed_home_444,13.753327760354331,100.50021748086893
114241,4683914,37471318,2,16,home,car,444,Unnamed_home_444,13.753327760354331,100.50021748086893,444,Unnamed_home_444,13.753327760354331,100.50021748086893
114241,4683914,37471315,3,15,shopping,car,444,Unnamed_home_444,13.753327760354331,100.50021748086893,314,แสงธรรมประทีป,13.752059162682269,100.50073352969191
120051,4922116,39376929,1,8,shopping,car,259,Unnamed_home_259,13.7560809,100.50143339999995,409,เจริญชัยการช่าง,13.752188889292324,100.50004644036268
120051,4922116,39376933,1,15,home,car,409,เจริญชัยการช่าง,13.752188889292324,100.50004644036268,259,Unnamed_home_259,13.7560809,100.50143339999995
120052,4922160,39377285,1,8,home,car,602,Unnamed_home_602,13.752522450052616,100.49917736767004,602,Unnamed_home_602,13.752522450052616,100.49917736767004
120052,4922171,39377369,1,8,work,car,602,Unnamed_home_602,13.752522450052616,100.49917736767004,510,มูลนิธิพระพิฆเนศ,13.752782100000005,100.49973625
120052,4922171,39377373,1,18,home,car,510,มูลนิธิพระพิฆเนศ,13.752782100000005,100.49973625,602,Unnamed_home_602,13.752522450052616,100.49917736767004
120053,4922206,39377649,1,12,shopping,car,600,Unnamed_home_600,13.752541937394046,100.49889482591804,309,อยแสงเจริญ,13.752603700000002,100.5008627
120053,4922206,39377653,1,15,home,car,309,อยแสงเจริญ,13.752603700000002,100.5008627,600,Unnamed_home_600,13.752541937394046,100.49889482591804
120864,4955463,39643705,1,5,work,car,134,Unnamed_home_134,13.75566985,100.501749,540,Unnamed_work_540,13.752233404071523,100.49838828959928
120864,4955463,39643709,1,16,shopping,car,540,Unnamed_work_540,13.752233404071523,100.49838828959928,546,ซามมิ้น,13.752404129878707,100.4984127211568
120864,4955463,39643710,2,16,home,car,546,ซามมิ้น,13.752404129878707,100.4984127211568,134,Unnamed_home_134,13.75566985,100.501749
122808,5035167,40281341,1,14,home,car,122,Unnamed_home_122,13.755526868914686,100.50112291690176,122,Unnamed_home_122,13.755526868914686,100.50112291690176
122808,5035167,40281338,2,7,work,car,122,Unnamed_home_122,13.755526868914686,100.50112291690176,555,Unnamed_work_555,13.752541734031016,100.49949334144736
122809,5035178,40281429,1,10,home,car,400,Unnamed_home_400,13.752437110701887,100.49999220815064,400,Unnamed_home_400,13.752437110701887,100.49999220815064
122809,5035179,40281437,1,20,home,car,400,Unnamed_home_400,13.752437110701887,100.49999220815064,400,Unnamed_home_400,13.752437110701887,100.49999220815064
122809,5035194,40281557,1,14,home,car,400,Unnamed_home_400,13.752437110701887,100.49999220815064,400,Unnamed_home_400,13.752437110701887,100.49999220815064
122809,5035202,40281617,1,14,shopping,car,400,Unnamed_home_400,13.752437110701887,100.49999220815064,152,Unnamed_shopping_152,13.75350492349204,100.49834044331024
122809,5035202,40281621,1,14,home,car,152,Unnamed_shopping_152,13.75350492349204,100.49834044331024,400,Unnamed_home_400,13.752437110701887,100.49999220815064
122810,5035241,40281933,1,16,home,car,141,Unnamed_home_141,13.754405598397447,100.49829853801458,141,Unnamed_home_141,13.754405598397447,100.49829853801458
122811,5035282,40282262,2,17,home,car,229,Unnamed_home_229,13.755657009046043,100.49968995484367,229,Unnamed_home_229,13.755657009046043,100.49968995484367
130013,5330572,42644577,1,8,work,car,504,Unnamed_home_504,13.753221895996193,100.4993084374946,555,Unnamed_work_555,13.752541734031016,100.49949334144736
130013,5330572,42644581,1,17,home,car,555,Unnamed_work_555,13.752541734031016,100.49949334144736,504,Unnamed_home_504,13.753221895996193,100.4993084374946
130014,5330613,42644905,1,11,work,car,229,Unnamed_home_229,13.755657009046043,100.49968995484367,635,Unnamed_work_635,13.753333673632865,100.49869416328052
130014,5330613,42644909,1,19,home,car,635,Unnamed_work_635,13.753333673632865,100.49869416328052,229,Unnamed_home_229,13.755657009046043,100.49968995484367
130015,5330640,42645125,1,20,home,car,397,Unnamed_home_397,13.752564874574023,100.50011874729977,397,Unnamed_home_397,13.752564874574023,100.50011874729977
130015,5330646,42645173,1,15,home,car,397,Unnamed_home_397,13.752564874574023,100.50011874729977,397,Unnamed_home_397,13.752564874574023,100.50011874729977
130016,5330660,42645285,1,10,work,car,575,Unnamed_home_575,13.75211025,100.4989853,628,Unnamed_work_628,13.75359978895126,100.49920779198573
130016,5330689,42645513,1,17,shopping,car,628,Unnamed_work_628,13.75359978895126,100.49920779198573,53,Unnamed_shopping_53,13.7523941,100.4983352
130016,5330689,42645517,1,21,home,car,53,Unnamed_shopping_53,13.7523941,100.4983352,575,Unnamed_home_575,13.75211025,100.4989853
130016,5330695,42645565,1,17,work,car,575,Unnamed_home_575,13.75211025,100.4989853,628,Unnamed_work_628,13.75359978895126,100.49920779198573
130016,5330695,42645566,2,17,home,car,628,Unnamed_work_628,13.75359978895126,100.49920779198573,575,Unnamed_home_575,13.75211025,100.4989853
130016,5330695,42645563,3,9,work,car,575,Unnamed_home_575,13.75211025,100.4989853,628,Unnamed_work_628,13.75359978895126,100.49920779198573
130017,5330706,42645653,1,9,home,car,256,Unnamed_home_256,13.755926886514358,100.50154070635848,256,Unnamed_home_256,13.755926886514358,100.50154070635848
130017,5330707,42645662,2,14,home,car,256,Unnamed_home_256,13.755926886514358,100.50154070635848,256,Unnamed_home_256,13.755926886514358,100.50154070635848
130017,5330722,42645781,1,17,home,car,256,Unnamed_home_256,13.755926886514358,100.50154070635848,256,Unnamed_home_256,13.755926886514358,100.50154070635848
130017,5330730,42645841,1,14,shopping,car,256,Unnamed_home_256,13.755926886514358,100.50154070635848,52,7-Eleven,13.754506,100.4985151
130017,5330730,42645845,1,15,home,car,52,7-Eleven,13.754506,100.4985151,256,Unnamed_home_256,13.755926886514358,100.50154070635848
130018,5330769,42646157,1,14,home,car,247,Unnamed_home_247,13.755477256499583,100.50095697841292,247,Unnamed_home_247,13.755477256499583,100.50095697841292
130019,5330810,42646485,1,7,home,car,652,Unnamed_home_652,13.752388488041836,100.49801870140216,652,Unnamed_home_652,13.752388488041836,100.49801870140216
130020,5330851,42646813,1,18,home,car,501,Unnamed_home_501,13.753211748729456,100.49940843404656,501,Unnamed_home_501,13.753211748729456,100.49940843404656
130023,5330982,42647857,1,7,work,car,488,Unnamed_home_488,13.75303322535439,100.4994574483279,547,Unnamed_work_547,13.752432628882122,100.49841601472323
130023,5330982,42647861,1,17,home,car,547,Unnamed_work_547,13.752432628882122,100.49841601472323,488,Unnamed_home_488,13.75303322535439,100.4994574483279
131829,5404993,43239949,1,11,work,car,653,Unnamed_home_653,13.752386760735329,100.49799200283807,624,Unnamed_work_624,13.75347596484074,100.49932780576287
131829,5405002,43240021,1,6,home,car,624,Unnamed_work_624,13.75347596484074,100.49932780576287,653,Unnamed_home_653,13.752386760735329,100.49799200283807
131829,5405028,43240225,1,6,work,car,653,Unnamed_home_653,13.752386760735329,100.49799200283807,624,Unnamed_work_624,13.75347596484074,100.49932780576287
131829,5405028,43240229,1,14,home,car,624,Unnamed_work_624,13.75347596484074,100.49932780576287,653,Unnamed_home_653,13.752386760735329,100.49799200283807
131830,5405063,43240505,1,13,shopping,car,516,Unnamed_home_516,13.752871639670689,100.49923508396068,319,ลายไทย,13.752403204174982,100.5008361774829
131830,5405063,43240509,1,15,home,car,319,ลายไทย,13.752403204174982,100.5008361774829,516,Unnamed_home_516,13.752871639670689,100.49923508396068
131831,5405075,43240605,1,14,work,car,350,Unnamed_home_350,13.75316847573908,100.50052224705736,510,มูลนิธิพระพิฆเนศ,13.752782100000005,100.49973625
131831,5405110,43240881,1,7,work,car,510,มูลนิธิพระพิฆเนศ,13.752782100000005,100.49973625,510,มูลนิธิพระพิฆเนศ,13.752782100000005,100.49973625
131831,5405110,43240885,1,22,home,car,510,มูลนิธิพระพิฆเนศ,13.752782100000005,100.49973625,350,Unnamed_home_350,13.75316847573908,100.50052224705736
132192,5419911,43359289,1,15,work,car,191,Unnamed_home_191,13.755814900000004,100.49900865000002,665,Unnamed_work_665,13.752282814970728,100.49822029096912
132192,5419911,43359293,1,20,home,car,665,Unnamed_work_665,13.752282814970728,100.49822029096912,191,Unnamed_home_191,13.755814900000004,100.49900865000002
132194,5419993,43359945,1,9,work,car,461,Unnamed_home_461,13.752924677605478,100.50020449670144,329,Unnamed_work_329,13.752774203864938,100.50077817023204
132194,5419993,43359950,2,19,home,car,329,Unnamed_work_329,13.752774203864938,100.50077817023204,461,Unnamed_home_461,13.752924677605478,100.50020449670144
137572,5640477,45123821,1,14,home,car,658,Unnamed_home_658,13.752117449999997,100.49810415,658,Unnamed_home_658,13.752117449999997,100.49810415
141590,5805223,46441785,1,10,shopping,car,130,Unnamed_home_130,13.755756436048127,100.50197270910542,615,แสงเจริญ,13.753568952006235,100.49948644292348
141590,5805223,46441789,1,11,home,car,615,แสงเจริญ,13.753568952006235,100.49948644292348,130,Unnamed_home_130,13.755756436048127,100.50197270910542
141591,5805256,46442053,1,14,home,car,177,Unnamed_home_177,13.75604605,100.498688,177,Unnamed_home_177,13.75604605,100.498688
141591,5805259,46442077,1,22,home,car,177,Unnamed_home_177,13.75604605,100.498688,177,Unnamed_home_177,13.75604605,100.498688
141592,5805303,46442429,1,12,home,car,199,Unnamed_home_199,13.756117328487926,100.49921639487104,199,Unnamed_home_199,13.756117328487926,100.49921639487104
141592,5805308,46442469,1,20,home,car,199,Unnamed_home_199,13.756117328487926,100.49921639487104,199,Unnamed_home_199,13.756117328487926,100.49921639487104
142682,5850001,46800009,1,7,work,car,566,Unnamed_home_566,13.752188048899882,100.49946406267428,389,เคียงโอสถ,13.752752654623844,100.50089553376432
142682,5850001,46800013,1,15,home,car,389,เคียงโอสถ,13.752752654623844,100.50089553376432,566,Unnamed_home_566,13.752188048899882,100.49946406267428
142683,5850042,46800337,1,5,work,car,595,Unnamed_home_595,13.751940277188432,100.49848879582991,624,Unnamed_work_624,13.75347596484074,100.49932780576287
142683,5850042,46800341,1,18,home,car,624,Unnamed_work_624,13.75347596484074,100.49932780576287,595,Unnamed_home_595,13.751940277188432,100.49848879582991
143324,5876323,47010585,1,13,work,car,525,Unnamed_home_525,13.752743010331194,100.49898701040613,322,Unnamed_work_322,13.75254200173656,100.50085452908414
143324,5876323,47010589,1,22,home,car,322,Unnamed_work_322,13.75254200173656,100.50085452908414,525,Unnamed_home_525,13.752743010331194,100.49898701040613
143325,5876356,47010854,2,17,home,car,384,Unnamed_home_384,13.75303653647758,100.50084257293014,384,Unnamed_home_384,13.75303653647758,100.50084257293014
144339,5917938,47343505,1,12,work,car,382,Unnamed_home_382,13.753057828829403,100.50068511893411,629,Unnamed_work_629,13.753608349897153,100.49908844963674
144339,5917938,47343509,1,21,home,car,629,Unnamed_work_629,13.753608349897153,100.49908844963674,382,Unnamed_home_382,13.753057828829403,100.50068511893411
144340,5917979,47343833,1,7,work,car,482,Unnamed_home_482,13.752972074339796,100.49971768398912,545,Unnamed_work_545,13.752375404745118,100.49840829906609
144340,5917979,47343837,1,15,home,car,545,Unnamed_work_545,13.752375404745118,100.49840829906609,482,Unnamed_home_482,13.752972074339796,100.49971768398912
151258,6201617,49612937,1,8,work,car,496,Unnamed_home_496,13.753049499999996,100.499098,111,mercedes benz showroom,13.75607375322169,100.50096057280768
151258,6201617,49612941,1,19,home,car,111,mercedes benz showroom,13.75607375322169,100.50096057280768,496,Unnamed_home_496,13.753049499999996,100.499098
151259,6201658,49613265,1,7,work,car,595,Unnamed_home_595,13.751940277188432,100.49848879582991,362,Unnamed_work_362,13.753372231380409,100.50064163258048
151259,6201658,49613269,1,21,home,car,362,Unnamed_work_362,13.753372231380409,100.50064163258048,595,Unnamed_home_595,13.751940277188432,100.49848879582991
151260,6201693,49613545,1,10,shopping,car,599,Unnamed_home_599,13.75253577087954,100.49880399806965,617,เมืองไทยแคปปิตอล,13.75356175044504,100.4995179971382
151260,6201693,49613549,1,10,home,car,617,เมืองไทยแคปปิตอล,13.75356175044504,100.4995179971382,599,Unnamed_home_599,13.75253577087954,100.49880399806965
151261,6201705,49613645,1,13,work,car,487,Unnamed_home_487,13.75303295,100.49949155,548,Unnamed_work_548,13.752541392546457,100.49981551638376
151261,6201726,49613813,1,23,home,car,548,Unnamed_work_548,13.752541392546457,100.49981551638376,487,Unnamed_home_487,13.75303295,100.49949155
151261,6201740,49613921,1,7,work,car,487,Unnamed_home_487,13.75303295,100.49949155,548,Unnamed_work_548,13.752541392546457,100.49981551638376
151261,6201740,49613925,1,18,home,car,548,Unnamed_work_548,13.752541392546457,100.49981551638376,487,Unnamed_home_487,13.75303295,100.49949155
155336,6368815,50950521,1,8,work,car,574,Unnamed_home_574,13.75221243474343,100.49898716804874,559,Unnamed_work_559,13.752544465420364,100.49963335435152
155336,6368815,50950525,1,19,home,car,559,Unnamed_work_559,13.752544465420364,100.49963335435152,574,Unnamed_home_574,13.75221243474343,100.49898716804874
155338,6368897,50951177,1,8,work,car,178,Unnamed_home_178,13.756012945668656,100.49868142297208,552,Unnamed_work_552,13.75253958396794,100.49938833183724
155338,6368897,50951181,1,16,home,car,552,Unnamed_work_552,13.75253958396794,100.49938833183724,178,Unnamed_home_178,13.756012945668656,100.49868142297208
155339,6368938,50951505,1,7,work,car,419,Unnamed_home_419,13.75237750889621,100.49934711199228,389,เคียงโอสถ,13.752752654623844,100.50089553376432
155339,6368938,50951509,1,18,home,car,389,เคียงโอสถ,13.752752654623844,100.50089553376432,419,Unnamed_home_419,13.75237750889621,100.49934711199228
162845,6676654,53413237,1,18,home,car,431,Unnamed_home_431,13.752375641067433,100.49950754773224,431,Unnamed_home_431,13.752375641067433,100.49950754773224
162845,6676678,53413425,1,18,shopping,car,431,Unnamed_home_431,13.752375641067433,100.49950754773224,20,7-Eleven,13.7546474,100.5012317
162845,6676678,53413429,1,19,home,car,20,7-Eleven,13.7546474,100.5012317,431,Unnamed_home_431,13.752375641067433,100.49950754773224
162845,6676678,53413426,2,19,shopping,car,431,Unnamed_home_431,13.752375641067433,100.49950754773224,463,เอกธรรม (ล่อหงี่ไถ่ 2503),13.752768287842652,100.50020320806802
162846,6676725,53413805,1,22,home,car,639,Unnamed_home_639,13.752277349999998,100.4980828,639,Unnamed_home_639,13.752277349999998,100.4980828
162846,6676725,53413802,2,19,work,car,639,Unnamed_home_639,13.752277349999998,100.4980828,547,Unnamed_work_547,13.752432628882122,100.49841601472323
162847,6676758,53414069,1,21,home,car,467,Unnamed_home_467,13.752851877394058,100.50004428765908,467,Unnamed_home_467,13.752851877394058,100.50004428765908
169591,6953264,55626113,1,13,shopping,car,663,Unnamed_home_663,13.752025326255527,100.49801232594828,82,Greenhorn Bicycle Project,13.7551183,100.4985788
169591,6953264,55626117,1,13,shopping,car,82,Greenhorn Bicycle Project,13.7551183,100.4985788,368,งุ่ยเม่งเฮียง,13.753352434152673,100.50073840651952
169591,6953264,55626118,2,13,shopping,car,368,งุ่ยเม่งเฮียง,13.753352434152673,100.50073840651952,47,7-Eleven,13.7538757,100.4988102
169591,6953264,55626119,3,13,home,car,47,7-Eleven,13.7538757,100.4988102,663,Unnamed_home_663,13.752025326255527,100.49801232594828
169592,6953311,55626489,1,5,work,car,565,Unnamed_home_565,13.75220090688131,100.49955782170878,553,Unnamed_work_553,13.752540236509404,100.49942336100716
169592,6953311,55626493,1,18,home,car,553,Unnamed_work_553,13.752540236509404,100.49942336100716,565,Unnamed_home_565,13.75220090688131,100.49955782170878
169594,6953358,55626870,2,13,work,car,573,Unnamed_home_573,13.752290600000004,100.49899315,664,Unnamed_work_664,13.752335202528132,100.49822699783816
169594,6953393,55627145,1,5,work,car,664,Unnamed_work_664,13.752335202528132,100.49822699783816,664,Unnamed_work_664,13.752335202528132,100.49822699783816
169594,6953393,55627150,2,17,home,car,664,Unnamed_work_664,13.752335202528132,100.49822699783816,573,Unnamed_home_573,13.752290600000004,100.49899315
169595,6953434,55627473,1,6,work,car,531,Unnamed_home_531,13.752730909546004,100.49878810405832,476,รัตนคดีทนายความ,13.753070579842795,100.4998266720556
169595,6953434,55627477,1,13,home,car,476,รัตนคดีทนายความ,13.753070579842795,100.4998266720556,531,Unnamed_home_531,13.752730909546004,100.49878810405832
169595,6953435,55627481,1,13,work,car,531,Unnamed_home_531,13.752730909546004,100.49878810405832,476,รัตนคดีทนายความ,13.753070579842795,100.4998266720556
169595,6953435,55627485,1,20,home,car,476,รัตนคดีทนายความ,13.753070579842795,100.4998266720556,531,Unnamed_home_531,13.752730909546004,100.49878810405832
169596,6953461,55627693,1,13,home,car,199,Unnamed_home_199,13.756117328487926,100.49921639487104,199,Unnamed_home_199,13.756117328487926,100.49921639487104
169596,6953469,55627753,1,10,shopping,car,199,Unnamed_home_199,13.756117328487926,100.49921639487104,313,สุวรรณประดิษฐ์,13.752141534528938,100.50076961795024
169596,6953469,55627757,1,11,home,car,313,สุวรรณประดิษฐ์,13.752141534528938,100.50076961795024,199,Unnamed_home_199,13.756117328487926,100.49921639487104
169597,6953508,55628069,1,17,home,car,663,Unnamed_home_663,13.752025326255527,100.49801232594828,663,Unnamed_home_663,13.752025326255527,100.49801232594828
169917,6966601,55732813,1,11,work,car,203,Unnamed_home_203,13.75572855,100.4988721,95,ศาลาว่าการกรุงเทพมหานคร,13.753925710537164,100.5017902654702
169917,6966612,55732901,1,8,home,car,95,ศาลาว่าการกรุงเทพมหานคร,13.753925710537164,100.5017902654702,203,Unnamed_home_203,13.75572855,100.4988721
169917,6966636,55733089,1,8,work,car,203,Unnamed_home_203,13.75572855,100.4988721,95,ศาลาว่าการกรุงเทพมหานคร,13.753925710537164,100.5017902654702
169917,6966636,55733093,1,17,home,car,95,ศาลาว่าการกรุงเทพมหานคร,13.753925710537164,100.5017902654702,203,Unnamed_home_203,13.75572855,100.4988721
169918,6966642,55733137,1,11,work,car,526,Unnamed_home_526,13.75274103617032,100.49895388361875,556,Unnamed_work_556,13.75254234083158,100.49952834477736
169918,6966642,55733141,1,11,work,car,556,Unnamed_work_556,13.75254234083158,100.49952834477736,556,Unnamed_work_556,13.75254234083158,100.49952834477736
169918,6966642,55733138,2,11,shopping,car,556,Unnamed_work_556,13.75254234083158,100.49952834477736,354,World at the corner,13.753319177196714,100.50033755949988
169918,6966647,55733181,1,9,home,car,354,World at the corner,13.753319177196714,100.50033755949988,526,Unnamed_home_526,13.75274103617032,100.49895388361875
169918,6966677,55733421,1,16,work,car,526,Unnamed_home_526,13.75274103617032,100.49895388361875,556,Unnamed_work_556,13.75254234083158,100.49952834477736
169918,6966677,55733418,2,10,work,car,556,Unnamed_work_556,13.75254234083158,100.49952834477736,556,Unnamed_work_556,13.75254234083158,100.49952834477736
169918,6966677,55733422,2,19,home,car,556,Unnamed_work_556,13.75254234083158,100.49952834477736,526,Unnamed_home_526,13.75274103617032,100.49895388361875
169919,6966710,55733685,1,15,home,car,115,Unnamed_home_115,13.755976800503186,100.5004103774343,115,Unnamed_home_115,13.755976800503186,100.5004103774343
169919,6966715,55733725,1,19,home,car,115,Unnamed_home_115,13.755976800503186,100.5004103774343,115,Unnamed_home_115,13.755976800503186,100.5004103774343
169920,6966751,55734013,1,18,home,car,178,Unnamed_home_178,13.756012945668656,100.49868142297208,178,Unnamed_home_178,13.756012945668656,100.49868142297208
171650,7037683,56301465,1,12,shopping,car,350,Unnamed_home_350,13.75316847573908,100.50052224705736,617,เมืองไทยแคปปิตอล,13.75356175044504,100.4995179971382
171650,7037683,56301469,1,15,home,car,617,เมืองไทยแคปปิตอล,13.75356175044504,100.4995179971382,350,Unnamed_home_350,13.75316847573908,100.50052224705736
171651,7037700,56301605,1,17,home,car,285,Unnamed_home_285,13.75455747849297,100.49955214748503,285,Unnamed_home_285,13.75455747849297,100.49955214748503
171652,7037771,56302169,1,8,work,car,243,Unnamed_home_243,13.755404100000002,100.5009467,318,Unnamed_work_318,13.7523569,100.50083005000002
171652,7037771,56302173,1,17,home,car,318,Unnamed_work_318,13.7523569,100.50083005000002,243,Unnamed_home_243,13.755404100000002,100.5009467
171653,7037809,56302478,2,14,home,car,244,Unnamed_home_244,13.755565226105446,100.5012817654728,244,Unnamed_home_244,13.755565226105446,100.5012817654728
171654,7037845,56302765,1,14,home,car,504,Unnamed_home_504,13.753221895996193,100.4993084374946,504,Unnamed_home_504,13.753221895996193,100.4993084374946
171654,7037846,56302775,3,19,home,car,504,Unnamed_home_504,13.753221895996193,100.4993084374946,504,Unnamed_home_504,13.753221895996193,100.4993084374946
178462,7316946,58535573,1,11,work,car,153,Unnamed_home_153,13.75371469055055,100.49857476816209,328,Unnamed_work_328,13.752774687662788,100.50073887590509
178462,7316981,58535849,1,7,work,car,328,Unnamed_work_328,13.752774687662788,100.50073887590509,328,Unnamed_work_328,13.752774687662788,100.50073887590509
178462,7316981,58535853,1,17,home,car,328,Unnamed_work_328,13.752774687662788,100.50073887590509,153,Unnamed_home_153,13.75371469055055,100.49857476816209
190458,7808817,62470537,1,20,work,car,645,Unnamed_home_645,13.75240062879402,100.49820562870848,634,Unnamed_work_634,13.7534315,100.49866155
190458,7808817,62470541,1,23,home,car,634,Unnamed_work_634,13.7534315,100.49866155,645,Unnamed_home_645,13.75240062879402,100.49820562870848
190459,7808828,62470631,3,15,home,car,146,Unnamed_home_146,13.754250037235506,100.49841483629584,146,Unnamed_home_146,13.754250037235506,100.49841483629584
190459,7808829,62470637,1,15,home,car,146,Unnamed_home_146,13.754250037235506,100.49841483629584,146,Unnamed_home_146,13.754250037235506,100.49841483629584
190460,7808891,62471133,1,20,home,car,661,Unnamed_home_661,13.752106918160791,100.49800492291835,661,Unnamed_home_661,13.752106918160791,100.49800492291835
190461,7808907,62471261,1,20,home,car,484,Unnamed_home_484,13.753031950000006,100.49962795,484,Unnamed_home_484,13.753031950000006,100.49962795
190461,7808932,62471461,1,13,home,car,484,Unnamed_home_484,13.753031950000006,100.49962795,484,Unnamed_home_484,13.753031950000006,100.49962795
190462,7808951,62471614,2,9,home,car,185,Unnamed_home_185,13.75596087070656,100.49816216097018,185,Unnamed_home_185,13.75596087070656,100.49816216097018
190462,7808952,62471621,1,21,home,car,185,Unnamed_home_185,13.75596087070656,100.49816216097018,185,Unnamed_home_185,13.75596087070656,100.49816216097018
190463,7809022,62472177,1,8,work,car,186,Unnamed_home_186,13.756020226990222,100.49830739402285,631,Unnamed_work_631,13.753637650000002,100.49895625
190463,7809022,62472181,1,18,home,car,631,Unnamed_work_631,13.753637650000002,100.49895625,186,Unnamed_home_186,13.756020226990222,100.49830739402285
190464,7809063,62472505,1,7,work,car,494,Unnamed_home_494,13.753047900000004,100.49899945,414,Unnamed_work_414,13.752036457463484,100.49940123430709
190464,7809063,62472509,1,20,home,car,414,Unnamed_work_414,13.752036457463484,100.49940123430709,494,Unnamed_home_494,13.753047900000004,100.49899945
197347,8091236,64729893,1,11,home,car,256,Unnamed_home_256,13.755926886514358,100.50154070635848,256,Unnamed_home_256,13.755926886514358,100.50154070635848
197347,8091260,64730081,1,12,shopping,car,256,Unnamed_home_256,13.755926886514358,100.50154070635848,369,สุวรรณมาลา,13.75334683158952,100.50076989548292
197347,8091260,64730085,1,15,home,car,369,สุวรรณมาลา,13.75334683158952,100.50076989548292,256,Unnamed_home_256,13.755926886514358,100.50154070635848
197347,8091263,64730109,1,17,home,car,256,Unnamed_home_256,13.755926886514358,100.50154070635848,256,Unnamed_home_256,13.755926886514358,100.50154070635848
197348,8091307,64730457,1,6,work,car,530,Unnamed_home_530,13.752732986987224,100.49882127998852,624,Unnamed_work_624,13.75347596484074,100.49932780576287
197348,8091307,64730461,1,17,home,car,624,Unnamed_work_624,13.75347596484074,100.49932780576287,530,Unnamed_home_530,13.752732986987224,100.49882127998852
197349,8091348,64730785,1,7,work,car,229,Unnamed_home_229,13.755657009046043,100.49968995484367,476,รัตนคดีทนายความ,13.753070579842795,100.4998266720556
197349,8091348,64730789,1,18,home,car,476,รัตนคดีทนายความ,13.753070579842795,100.4998266720556,229,Unnamed_home_229,13.755657009046043,100.49968995484367
197350,8091375,64731005,1,18,home,car,636,Unnamed_home_636,13.752284158762349,100.49817531104432,636,Unnamed_home_636,13.752284158762349,100.49817531104432
197350,8091376,64731013,1,18,home,car,636,Unnamed_home_636,13.752284158762349,100.49817531104432,636,Unnamed_home_636,13.752284158762349,100.49817531104432
197350,8091381,64731053,1,12,home,car,636,Unnamed_home_636,13.752284158762349,100.49817531104432,636,Unnamed_home_636,13.752284158762349,100.49817531104432
197351,8091416,64731333,1,16,home,car,290,Unnamed_home_290,13.754249171946515,100.49910356614376,290,Unnamed_home_290,13.754249171946515,100.49910356614376
199598,8183551,65468409,1,18,shopping,car,399,Unnamed_home_399,13.7525638,100.5000413,434,เจริญชัยการช่าง,13.752156051692356,100.49981518209084
199598,8183551,65468413,1,21,home,car,434,เจริญชัยการช่าง,13.752156051692356,100.49981518209084,399,Unnamed_home_399,13.7525638,100.5000413
199599,8183568,65468549,1,7,home,car,578,Unnamed_home_578,13.752058257966754,100.49908946655596,578,Unnamed_home_578,13.752058257966754,100.49908946655596
199599,8183584,65468677,1,11,home,car,578,Unnamed_home_578,13.752058257966754,100.49908946655596,578,Unnamed_home_578,13.752058257966754,100.49908946655596
199600,8183631,65469053,1,17,home,car,378,Unnamed_home_378,13.753229171780193,100.50070957159508,378,Unnamed_home_378,13.753229171780193,100.50070957159508
199601,8183672,65469381,1,15,home,car,422,Unnamed_home_422,13.752374989995456,100.49947374309662,422,Unnamed_home_422,13.752374989995456,100.49947374309662
232356,9526624,76212997,1,14,home,car,475,Unnamed_home_475,13.753273988030568,100.50005237985364,475,Unnamed_home_475,13.753273988030568,100.50005237985364
232356,9526629,76213033,1,14,shopping,car,475,Unnamed_home_475,13.753273988030568,100.50005237985364,324,ซี แอนด์ ที กิ๊ฟท์,13.753009979409054,100.50093623433214
232356,9526629,76213037,1,15,home,car,324,ซี แอนด์ ที กิ๊ฟท์,13.753009979409054,100.50093623433214,475,Unnamed_home_475,13.753273988030568,100.50005237985364
232356,9526629,76213035,3,15,shopping,car,475,Unnamed_home_475,13.753273988030568,100.50005237985364,48,Unnamed_shopping_48,13.7539947,100.4985631
232356,9526630,76213041,1,17,shopping,car,48,Unnamed_shopping_48,13.7539947,100.4985631,108,ริมขอบฟ้า,13.75624837744156,100.50137240991776
232356,9526630,76213045,1,17,home,car,108,ริมขอบฟ้า,13.75624837744156,100.50137240991776,475,Unnamed_home_475,13.753273988030568,100.50005237985364
237763,9748287,77986301,1,14,work,car,236,Unnamed_home_236,13.75548385,100.49987445,322,Unnamed_work_322,13.75254200173656,100.50085452908414
237763,9748322,77986577,1,5,work,car,322,Unnamed_work_322,13.75254200173656,100.50085452908414,322,Unnamed_work_322,13.75254200173656,100.50085452908414
237763,9748322,77986581,1,18,home,car,322,Unnamed_work_322,13.75254200173656,100.50085452908414,236,Unnamed_home_236,13.75548385,100.49987445
242185,9929624,79436993,1,9,work,car,337,Unnamed_home_337,13.752924489627889,100.5003680664754,166,บริษัท อักษรเจริญทัศน์ อจท. จำกัด,13.75292006589617,100.49872126723544
242185,9929624,79436997,1,17,home,car,166,บริษัท อักษรเจริญทัศน์ อจท. จำกัด,13.75292006589617,100.49872126723544,337,Unnamed_home_337,13.752924489627889,100.5003680664754
242186,9929635,79437085,1,21,home,car,521,Unnamed_home_521,13.75271685855539,100.49855604722228,521,Unnamed_home_521,13.75271685855539,100.49855604722228
242187,9929698,79437589,1,15,home,car,496,Unnamed_home_496,13.753049499999996,100.499098,496,Unnamed_home_496,13.753049499999996,100.499098
242188,9929717,79437741,1,16,shopping,car,238,Unnamed_home_238,13.755443570896045,100.5000808556958,388,โคโรน่า,13.752961111435951,100.50092801478488
242188,9929717,79437742,2,16,home,car,388,โคโรน่า,13.752961111435951,100.50092801478488,238,Unnamed_home_238,13.755443570896045,100.5000808556958
242188,9929739,79437917,1,15,home,car,238,Unnamed_home_238,13.755443570896045,100.5000808556958,238,Unnamed_home_238,13.755443570896045,100.5000808556958
242189,9929780,79438245,1,15,home,car,233,Unnamed_home_233,13.755542823373307,100.49972901265272,233,Unnamed_home_233,13.755542823373307,100.49972901265272
242190,9929799,79438397,1,12,home,car,102,Unnamed_home_102,13.75611077524606,100.50208930911698,102,Unnamed_home_102,13.75611077524606,100.50208930911698
242190,9929818,79438549,1,14,home,car,102,Unnamed_home_102,13.75611077524606,100.50208930911698,102,Unnamed_home_102,13.75611077524606,100.50208930911698
242190,9929823,79438585,1,16,shopping,car,102,Unnamed_home_102,13.75611077524606,100.50208930911698,41,Unnamed_shopping_41,13.7522712,100.498328
242190,9929823,79438589,1,18,home,car,41,Unnamed_shopping_41,13.7522712,100.498328,102,Unnamed_home_102,13.75611077524606,100.50208930911698
254221,10423065,83384525,1,11,work,car,612,Unnamed_home_612,13.752338641985496,100.49919607932964,318,Unnamed_work_318,13.7523569,100.50083005000002
254221,10423100,83384801,1,8,work,car,318,Unnamed_work_318,13.7523569,100.50083005000002,318,Unnamed_work_318,13.7523569,100.50083005000002
254221,10423100,83384805,1,17,home,car,318,Unnamed_work_318,13.7523569,100.50083005000002,612,Unnamed_home_612,13.752338641985496,100.49919607932964
254223,10423182,83385457,1,9,work,car,238,Unnamed_home_238,13.755443570896045,100.5000808556958,322,Unnamed_work_322,13.75254200173656,100.50085452908414
254223,10423182,83385461,1,20,home,car,322,Unnamed_work_322,13.75254200173656,100.50085452908414,238,Unnamed_home_238,13.755443570896045,100.5000808556958
258717,10607436,84859489,1,13,work,car,122,Unnamed_home_122,13.755526868914686,100.50112291690176,557,Unnamed_work_557,13.752543134022437,100.4995633477136
258717,10607436,84859493,1,23,home,car,557,Unnamed_work_557,13.752543134022437,100.4995633477136,122,Unnamed_home_122,13.755526868914686,100.50112291690176
258718,10607461,84859694,2,16,work,car,147,Unnamed_home_147,13.75368264093329,100.49837117260137,665,Unnamed_work_665,13.752282814970728,100.49822029096912
258718,10607477,84859817,1,7,work,car,665,Unnamed_work_665,13.752282814970728,100.49822029096912,665,Unnamed_work_665,13.752282814970728,100.49822029096912
258718,10607477,84859821,1,18,home,car,665,Unnamed_work_665,13.752282814970728,100.49822029096912,147,Unnamed_home_147,13.75368264093329,100.49837117260137
259062,10621546,84972373,1,13,work,car,242,Unnamed_home_242,13.75534242503843,100.50092823913144,549,Unnamed_work_549,13.752546638644208,100.49973838748708
259062,10621575,84972601,1,5,shopping,car,549,Unnamed_work_549,13.752546638644208,100.49973838748708,434,เจริญชัยการช่าง,13.752156051692356,100.49981518209084
259062,10621575,84972605,1,5,home,car,434,เจริญชัยการช่าง,13.752156051692356,100.49981518209084,242,Unnamed_home_242,13.75534242503843,100.50092823913144
259062,10621576,84972609,1,7,shopping,car,242,Unnamed_home_242,13.75534242503843,100.50092823913144,354,World at the corner,13.753319177196714,100.50033755949988
259062,10621576,84972613,1,7,home,car,354,World at the corner,13.753319177196714,100.50033755949988,242,Unnamed_home_242,13.75534242503843,100.50092823913144
259062,10621581,84972649,1,8,work,car,242,Unnamed_home_242,13.75534242503843,100.50092823913144,549,Unnamed_work_549,13.752546638644208,100.49973838748708
259062,10621581,84972653,1,22,work,car,549,Unnamed_work_549,13.752546638644208,100.49973838748708,549,Unnamed_work_549,13.752546638644208,100.49973838748708
259062,10621581,84972654,2,22,home,car,549,Unnamed_work_549,13.752546638644208,100.49973838748708,242,Unnamed_home_242,13.75534242503843,100.50092823913144
259063,10621592,84972742,2,13,home,car,230,Unnamed_home_230,13.7556167,100.4995268,230,Unnamed_home_230,13.7556167,100.4995268
259063,10621616,84972929,1,10,shopping,car,230,Unnamed_home_230,13.7556167,100.4995268,374,สิราภรณ์,13.75322056251538,100.50094566276148
259063,10621616,84972933,1,11,home,car,374,สิราภรณ์,13.75322056251538,100.50094566276148,230,Unnamed_home_230,13.7556167,100.4995268
259064,10621655,84973245,1,16,home,car,188,Unnamed_home_188,13.7558962,100.4984626,188,Unnamed_home_188,13.7558962,100.4984626
259065,10621696,84973573,1,12,home,car,641,Unnamed_home_641,13.7522728,100.4980212,641,Unnamed_home_641,13.7522728,100.4980212
259065,10621697,84973581,1,13,home,car,641,Unnamed_home_641,13.7522728,100.4980212,641,Unnamed_home_641,13.7522728,100.4980212
259065,10621698,84973585,1,14,shopping,car,641,Unnamed_home_641,13.7522728,100.4980212,617,เมืองไทยแคปปิตอล,13.75356175044504,100.4995179971382
259065,10621698,84973591,3,14,home,car,617,เมืองไทยแคปปิตอล,13.75356175044504,100.4995179971382,641,Unnamed_home_641,13.7522728,100.4980212
264194,10831987,86655897,1,8,shopping,car,508,Unnamed_home_508,13.7527825,100.4996713,387,ศรีอุดม,13.75291996529398,100.50092650687516
264194,10831987,86655901,1,14,home,car,387,ศรีอุดม,13.75291996529398,100.50092650687516,508,Unnamed_home_508,13.7527825,100.4996713
265760,10896185,87169485,1,23,home,car,450,Unnamed_home_450,13.753376301339568,100.50005018050156,450,Unnamed_home_450,13.753376301339568,100.50005018050156
265761,10896210,87169685,1,15,home,car,245,Unnamed_home_245,13.755622879326118,100.50118584224386,245,Unnamed_home_245,13.755622879326118,100.50118584224386
266445,10924278,87394225,1,13,shopping,car,450,Unnamed_home_450,13.753376301339568,100.50005018050156,544,สมพลพาณิชย์,13.752347002514105,100.49840431243888
266445,10924278,87394229,1,13,home,car,544,สมพลพาณิชย์,13.752347002514105,100.49840431243888,450,Unnamed_home_450,13.753376301339568,100.50005018050156
269232,11038533,88308269,1,18,home,car,403,Unnamed_home_403,13.752195770911472,100.50025838762048,403,Unnamed_home_403,13.752195770911472,100.50025838762048
269233,11038592,88308737,1,6,work,car,218,Unnamed_home_218,13.756205518445636,100.49966791043528,330,Unnamed_work_330,13.752768968826253,100.50081869590596
269233,11038592,88308741,1,16,home,car,330,Unnamed_work_330,13.752768968826253,100.50081869590596,218,Unnamed_home_218,13.756205518445636,100.49966791043528
276794,11348587,90788697,1,9,shopping,car,165,Unnamed_home_165,13.752804652789113,100.49787058599432,434,เจริญชัยการช่าง,13.752156051692356,100.49981518209084
276794,11348587,90788701,1,11,home,car,434,เจริญชัยการช่าง,13.752156051692356,100.49981518209084,165,Unnamed_home_165,13.752804652789113,100.49787058599432
276795,11348604,90788837,1,10,home,car,417,Unnamed_home_417,13.75217129521913,100.49938474913708,417,Unnamed_home_417,13.75217129521913,100.49938474913708
276795,11348605,90788845,1,12,home,car,417,Unnamed_home_417,13.75217129521913,100.49938474913708,417,Unnamed_home_417,13.75217129521913,100.49938474913708
276795,11348628,90789025,1,14,shopping,car,417,Unnamed_home_417,13.75217129521913,100.49938474913708,312,ภัทรการพิมพ์,13.751960526441142,100.50064789108576
276795,11348628,90789029,1,15,home,car,312,ภัทรการพิมพ์,13.751960526441142,100.50064789108576,417,Unnamed_home_417,13.75217129521913,100.49938474913708
276796,11348661,90789293,1,15,home,car,412,Unnamed_home_412,13.752057501308949,100.50004205383917,412,Unnamed_home_412,13.752057501308949,100.50004205383917
276796,11348662,90789301,1,18,home,car,412,Unnamed_home_412,13.752057501308949,100.50004205383917,412,Unnamed_home_412,13.752057501308949,100.50004205383917
276796,11348667,90789341,1,8,home,car,412,Unnamed_home_412,13.752057501308949,100.50004205383917,412,Unnamed_home_412,13.752057501308949,100.50004205383917
276797,11348702,90789621,1,21,home,car,405,Unnamed_home_405,13.752360524604445,100.50004336440018,405,Unnamed_home_405,13.752360524604445,100.50004336440018
276797,11348708,90789669,1,17,home,car,405,Unnamed_home_405,13.752360524604445,100.50004336440018,405,Unnamed_home_405,13.752360524604445,100.50004336440018
276798,11348743,90789949,1,18,home,car,447,Unnamed_home_447,13.753349159036148,100.5001194819583,447,Unnamed_home_447,13.753349159036148,100.5001194819583
276800,11348809,90790477,1,17,home,car,644,Unnamed_home_644,13.75240241050192,100.49823235737216,644,Unnamed_home_644,13.75240241050192,100.49823235737216
276800,11348810,90790485,1,17,home,car,644,Unnamed_home_644,13.75240241050192,100.49823235737216,644,Unnamed_home_644,13.75240241050192,100.49823235737216
276800,11348833,90790665,1,20,shopping,car,644,Unnamed_home_644,13.75240241050192,100.49823235737216,37,Unnamed_shopping_37,13.7535929,100.4999006
276800,11348833,90790669,1,23,home,car,37,Unnamed_shopping_37,13.7535929,100.4999006,644,Unnamed_home_644,13.75240241050192,100.49823235737216
276800,11348834,90790673,1,23,shopping,car,644,Unnamed_home_644,13.75240241050192,100.49823235737216,436,ซินเวอร์,13.753434008489554,100.50023794164146
276800,11348834,90790677,1,23,home,car,436,ซินเวอร์,13.753434008489554,100.50023794164146,644,Unnamed_home_644,13.75240241050192,100.49823235737216
276801,11348880,90791041,1,6,shopping,car,580,Unnamed_home_580,13.752127789169116,100.49908999368706,428,Owen Tailor,13.752377589707008,100.49960894345976
276801,11348880,90791042,2,8,work,car,428,Owen Tailor,13.752377589707008,100.49960894345976,330,Unnamed_work_330,13.752768968826253,100.50081869590596
276801,11348880,90791046,2,16,home,car,330,Unnamed_work_330,13.752768968826253,100.50081869590596,580,Unnamed_home_580,13.752127789169116,100.49908999368706
276802,11348921,90791369,1,6,work,car,137,Unnamed_home_137,13.755305565849977,100.5017611439442,621,Unnamed_work_621,13.753215970676663,100.49984894201192
276802,11348921,90791373,1,17,home,car,621,Unnamed_work_621,13.753215970676663,100.49984894201192,137,Unnamed_home_137,13.755305565849977,100.5017611439442
287724,11796723,94373785,1,18,work,car,643,Unnamed_home_643,13.7524036688087,100.4982588847155,559,Unnamed_work_559,13.752544465420364,100.49963335435152
287724,11796723,94373789,1,23,home,car,559,Unnamed_work_559,13.752544465420364,100.49963335435152,643,Unnamed_home_643,13.7524036688087,100.4982588847155
287725,11796729,94373837,1,14,work,car,176,Unnamed_home_176,13.755975650000002,100.4986182,542,Unnamed_work_542,13.752290206590573,100.49839625217224
287725,11796764,94374113,1,8,work,car,542,Unnamed_work_542,13.752290206590573,100.49839625217224,542,Unnamed_work_542,13.752290206590573,100.49839625217224
287725,11796764,94374117,1,18,home,car,542,Unnamed_work_542,13.752290206590573,100.49839625217224,176,Unnamed_home_176,13.755975650000002,100.4986182
287726,11796775,94374205,1,15,home,car,219,Unnamed_home_219,13.75612438198007,100.4996060976571,219,Unnamed_home_219,13.75612438198007,100.4996060976571
292868,12007616,96060933,1,12,shopping,car,218,Unnamed_home_218,13.756205518445636,100.49966791043528,374,สิราภรณ์,13.75322056251538,100.50094566276148
292868,12007616,96060934,2,12,shopping,car,374,สิราภรณ์,13.75322056251538,100.50094566276148,324,ซี แอนด์ ที กิ๊ฟท์,13.753009979409054,100.50093623433214
292868,12007616,96060935,3,12,home,car,324,ซี แอนด์ ที กิ๊ฟท์,13.753009979409054,100.50093623433214,218,Unnamed_home_218,13.756205518445636,100.49966791043528
292869,12007635,96061085,1,15,home,car,192,Unnamed_home_192,13.755779659361488,100.49917177808732,192,Unnamed_home_192,13.755779659361488,100.49917177808732
292869,12007662,96061297,1,10,shopping,car,192,Unnamed_home_192,13.755779659361488,100.49917177808732,321,Unnamed_shopping_321,13.752495695825017,100.50084842251717
292869,12007662,96061301,1,12,home,car,321,Unnamed_shopping_321,13.752495695825017,100.50084842251717,192,Unnamed_home_192,13.755779659361488,100.49917177808732
292869,12007668,96061345,1,6,work,car,192,Unnamed_home_192,13.755779659361488,100.49917177808732,438,Unnamed_work_438,13.753449780326068,100.50016915006636
292869,12007668,96061349,1,10,home,car,438,Unnamed_work_438,13.753449780326068,100.50016915006636,192,Unnamed_home_192,13.755779659361488,100.49917177808732
299099,12263098,98104785,1,7,work,car,263,Unnamed_home_263,13.755558906535356,100.50038306752214,629,Unnamed_work_629,13.753608349897153,100.49908844963674
299099,12263098,98104789,1,17,home,car,629,Unnamed_work_629,13.753608349897153,100.49908844963674,263,Unnamed_home_263,13.755558906535356,100.50038306752214
299100,12263109,98104878,2,10,home,car,248,Unnamed_home_248,13.755243043813293,100.50102192054987,248,Unnamed_home_248,13.755243043813293,100.50102192054987
299100,12263110,98104885,1,15,home,car,248,Unnamed_home_248,13.755243043813293,100.50102192054987,248,Unnamed_home_248,13.755243043813293,100.50102192054987
299101,12263166,98105333,1,7,home,car,149,Unnamed_home_149,13.75356712570166,100.4981038130585,149,Unnamed_home_149,13.75356712570166,100.4981038130585
299101,12263172,98105382,2,20,home,car,149,Unnamed_home_149,13.75356712570166,100.4981038130585,149,Unnamed_home_149,13.75356712570166,100.4981038130585
299102,12263213,98105709,1,15,home,car,424,Unnamed_home_424,13.752380191667344,100.49974419811213,424,Unnamed_home_424,13.752380191667344,100.49974419811213
300616,12325284,98602277,1,18,home,car,494,Unnamed_home_494,13.753047900000004,100.49899945,494,Unnamed_home_494,13.753047900000004,100.49899945
300616,12325285,98602285,1,18,home,car,494,Unnamed_home_494,13.753047900000004,100.49899945,494,Unnamed_home_494,13.753047900000004,100.49899945
300616,12325295,98602361,1,6,work,car,494,Unnamed_home_494,13.753047900000004,100.49899945,330,Unnamed_work_330,13.752768968826253,100.50081869590596
300616,12325295,98602365,1,16,home,car,330,Unnamed_work_330,13.752768968826253,100.50081869590596,494,Unnamed_home_494,13.753047900000004,100.49899945
300617,12325303,98602429,1,18,home,car,131,Unnamed_home_131,13.755519693206256,100.50194355173484,131,Unnamed_home_131,13.755519693206256,100.50194355173484
300617,12325306,98602453,1,12,home,car,131,Unnamed_home_131,13.755519693206256,100.50194355173484,131,Unnamed_home_131,13.755519693206256,100.50194355173484
300617,12325330,98602645,1,14,home,car,131,Unnamed_home_131,13.755519693206256,100.50194355173484,131,Unnamed_home_131,13.755519693206256,100.50194355173484
300617,12325330,98602642,2,13,shopping,car,131,Unnamed_home_131,13.755519693206256,100.50194355173484,428,Owen Tailor,13.752377589707008,100.49960894345976
301974,12380943,99047549,1,10,home,car,489,Unnamed_home_489,13.75303347464561,100.49942335167208,489,Unnamed_home_489,13.75303347464561,100.49942335167208
301974,12380959,99047677,1,15,home,car,489,Unnamed_home_489,13.75303347464561,100.49942335167208,489,Unnamed_home_489,13.75303347464561,100.49942335167208
301974,12380962,99047701,1,12,home,car,489,Unnamed_home_489,13.75303347464561,100.49942335167208,489,Unnamed_home_489,13.75303347464561,100.49942335167208
301975,12381008,99048065,1,12,shopping,car,113,Unnamed_home_113,13.75587895,100.5005955,46,Great Wall Tours Co.ltd.,13.7538991,100.4986549
301975,12381008,99048069,1,13,home,car,46,Great Wall Tours Co.ltd.,13.7538991,100.4986549,113,Unnamed_home_113,13.75587895,100.5005955
304214,12472780,99782245,1,20,home,car,657,Unnamed_home_657,13.752120968191289,100.49813722296824,657,Unnamed_home_657,13.752120968191289,100.49813722296824
304214,12472799,99782397,1,16,home,car,657,Unnamed_home_657,13.752120968191289,100.49813722296824,657,Unnamed_home_657,13.752120968191289,100.49813722296824
304215,12472854,99782833,1,8,work,car,242,Unnamed_home_242,13.75534242503843,100.50092823913144,414,Unnamed_work_414,13.752036457463484,100.49940123430709
304215,12472854,99782837,1,18,home,car,414,Unnamed_work_414,13.752036457463484,100.49940123430709,242,Unnamed_home_242,13.75534242503843,100.50092823913144
305760,12536160,100289281,1,12,work,car,403,Unnamed_home_403,13.752195770911472,100.50025838762048,634,Unnamed_work_634,13.7534315,100.49866155
305760,12536160,100289285,1,15,work,car,634,Unnamed_work_634,13.7534315,100.49866155,634,Unnamed_work_634,13.7534315,100.49866155
305760,12536185,100289485,1,20,home,car,634,Unnamed_work_634,13.7534315,100.49866155,403,Unnamed_home_403,13.752195770911472,100.50025838762048
305760,12536199,100289593,1,7,work,car,403,Unnamed_home_403,13.752195770911472,100.50025838762048,634,Unnamed_work_634,13.7534315,100.49866155
305760,12536199,100289597,1,16,home,car,634,Unnamed_work_634,13.7534315,100.49866155,403,Unnamed_home_403,13.752195770911472,100.50025838762048
317241,13006885,104055085,1,16,work,car,454,Unnamed_home_454,13.753195572029108,100.50021816026864,506,ส.วัฒนป่าง,13.753429139272988,100.49953066739708
317241,13006920,104055362,2,13,work,car,506,ส.วัฒนป่าง,13.753429139272988,100.49953066739708,506,ส.วัฒนป่าง,13.753429139272988,100.49953066739708
317241,13006920,104055366,2,22,home,car,506,ส.วัฒนป่าง,13.753429139272988,100.49953066739708,454,Unnamed_home_454,13.753195572029108,100.50021816026864
317242,13006961,104055689,1,11,work,car,400,Unnamed_home_400,13.752437110701887,100.49999220815064,318,Unnamed_work_318,13.7523569,100.50083005000002
317242,13006961,104055694,2,20,home,car,318,Unnamed_work_318,13.7523569,100.50083005000002,400,Unnamed_home_400,13.752437110701887,100.49999220815064
317243,13006994,104055957,1,10,home,car,205,Unnamed_home_205,13.755570921457846,100.49923565717476,205,Unnamed_home_205,13.755570921457846,100.49923565717476
319463,13098016,104784129,1,8,shopping,car,381,Unnamed_home_381,13.75307177858824,100.50062496989254,20,7-Eleven,13.7546474,100.5012317
319463,13098016,104784133,1,9,shopping,car,20,7-Eleven,13.7546474,100.5012317,314,แสงธรรมประทีป,13.752059162682269,100.50073352969191
319463,13098016,104784134,2,9,home,car,314,แสงธรรมประทีป,13.752059162682269,100.50073352969191,381,Unnamed_home_381,13.75307177858824,100.50062496989254
322828,13235976,105887813,1,11,home,car,256,Unnamed_home_256,13.755926886514358,100.50154070635848,256,Unnamed_home_256,13.755926886514358,100.50154070635848
322828,13235987,105887897,1,11,work,car,256,Unnamed_home_256,13.755926886514358,100.50154070635848,628,Unnamed_work_628,13.75359978895126,100.49920779198573
322828,13235987,105887901,1,21,home,car,628,Unnamed_work_628,13.75359978895126,100.49920779198573,256,Unnamed_home_256,13.755926886514358,100.50154070635848
322829,13236028,105888225,1,8,work,car,267,Unnamed_home_267,13.7557789,100.5004574,624,Unnamed_work_624,13.75347596484074,100.49932780576287
322829,13236028,105888229,1,23,home,car,624,Unnamed_work_624,13.75347596484074,100.49932780576287,267,Unnamed_home_267,13.7557789,100.5004574
322831,13236110,105888881,1,8,work,car,606,Unnamed_home_606,13.752577995192135,100.49915554825289,634,Unnamed_work_634,13.7534315,100.49866155
322831,13236110,105888885,1,18,home,car,634,Unnamed_work_634,13.7534315,100.49866155,606,Unnamed_home_606,13.752577995192135,100.49915554825289
325706,13353950,106831605,1,13,work,car,200,Unnamed_home_200,13.7559654,100.49926639999998,442,ยุ้ยถั่วแปบสด,13.753482738464823,100.50005099009655
325706,13353979,106831833,1,15,shopping,car,442,ยุ้ยถั่วแปบสด,13.753482738464823,100.50005099009655,156,Unnamed_shopping_156,13.753925033333331,100.4986192
325706,13353979,106831837,1,16,home,car,156,Unnamed_shopping_156,13.753925033333331,100.4986192,200,Unnamed_home_200,13.7559654,100.49926639999998
325706,13353985,106831881,1,5,work,car,200,Unnamed_home_200,13.7559654,100.49926639999998,442,ยุ้ยถั่วแปบสด,13.753482738464823,100.50005099009655
325706,13353985,106831886,2,15,home,car,442,ยุ้ยถั่วแปบสด,13.753482738464823,100.50005099009655,200,Unnamed_home_200,13.7559654,100.49926639999998
325706,13353985,106831883,3,7,work,car,200,Unnamed_home_200,13.7559654,100.49926639999998,442,ยุ้ยถั่วแปบสด,13.753482738464823,100.50005099009655
325707,13354026,106832209,1,8,work,car,232,Unnamed_home_232,13.755476599999998,100.4996498,318,Unnamed_work_318,13.7523569,100.50083005000002
325707,13354026,106832213,1,19,home,car,318,Unnamed_work_318,13.7523569,100.50083005000002,232,Unnamed_home_232,13.755476599999998,100.4996498
325708,13354028,106832229,1,13,work,car,513,Unnamed_home_513,13.752835260606968,100.49940602157022,318,Unnamed_work_318,13.7523569,100.50083005000002
325708,13354067,106832537,1,7,work,car,318,Unnamed_work_318,13.7523569,100.50083005000002,318,Unnamed_work_318,13.7523569,100.50083005000002
325708,13354067,106832541,1,17,home,car,318,Unnamed_work_318,13.7523569,100.50083005000002,513,Unnamed_home_513,13.752835260606968,100.49940602157022
325709,13354105,106832845,1,8,home,car,653,Unnamed_home_653,13.752386760735329,100.49799200283807,653,Unnamed_home_653,13.752386760735329,100.49799200283807
325709,13354106,106832853,1,21,home,car,653,Unnamed_home_653,13.752386760735329,100.49799200283807,653,Unnamed_home_653,13.752386760735329,100.49799200283807
327603,13431740,107453926,2,7,home,car,291,Unnamed_home_291,13.754313222031262,100.49890950426928,291,Unnamed_home_291,13.754313222031262,100.49890950426928
327603,13431762,107454097,1,8,work,car,291,Unnamed_home_291,13.754313222031262,100.49890950426928,318,Unnamed_work_318,13.7523569,100.50083005000002
327603,13431762,107454101,1,18,home,car,318,Unnamed_work_318,13.7523569,100.50083005000002,291,Unnamed_home_291,13.754313222031262,100.49890950426928
327604,13431773,107454189,1,16,home,car,131,Unnamed_home_131,13.755519693206256,100.50194355173484,131,Unnamed_home_131,13.755519693206256,100.50194355173484
327604,13431797,107454377,1,8,shopping,car,131,Unnamed_home_131,13.755519693206256,100.50194355173484,388,โคโรน่า,13.752961111435951,100.50092801478488
327604,13431797,107454381,1,10,home,car,388,โคโรน่า,13.752961111435951,100.50092801478488,131,Unnamed_home_131,13.755519693206256,100.50194355173484
327605,13431836,107454693,1,21,home,car,452,Unnamed_home_452,13.75336427381174,100.500096753234,452,Unnamed_home_452,13.75336427381174,100.500096753234
327606,13431877,107455021,1,10,home,car,468,Unnamed_home_468,13.75293956496079,100.50004353316308,468,Unnamed_home_468,13.75293956496079,100.50004353316308
327606,13431882,107455063,3,18,home,car,468,Unnamed_home_468,13.75293956496079,100.50004353316308,468,Unnamed_home_468,13.75293956496079,100.50004353316308
327607,13431896,107455173,1,10,home,car,483,Unnamed_home_483,13.753034224516629,100.49932104742214,483,Unnamed_home_483,13.753034224516629,100.49932104742214
327607,13431915,107455326,2,17,home,car,483,Unnamed_home_483,13.753034224516629,100.49932104742214,483,Unnamed_home_483,13.753034224516629,100.49932104742214
332561,13635040,109080321,1,7,work,car,201,Unnamed_home_201,13.756146349999998,100.49906475,318,Unnamed_work_318,13.7523569,100.50083005000002
332561,13635040,109080325,1,21,home,car,318,Unnamed_work_318,13.7523569,100.50083005000002,201,Unnamed_home_201,13.756146349999998,100.49906475
332562,13635051,109080413,1,10,home,car,471,Unnamed_home_471,13.753105242167145,100.49998797499204,471,Unnamed_home_471,13.753105242167145,100.49998797499204
332563,13635114,109080917,1,16,home,car,154,Unnamed_home_154,13.75363726536997,100.49858027012657,154,Unnamed_home_154,13.75363726536997,100.49858027012657
332777,13643890,109151121,1,16,shopping,car,216,Unnamed_home_216,13.75607093056198,100.50029799267236,41,Unnamed_shopping_41,13.7522712,100.498328
332777,13643890,109151125,1,16,home,car,41,Unnamed_shopping_41,13.7522712,100.498328,216,Unnamed_home_216,13.75607093056198,100.50029799267236
332778,13643904,109151237,1,16,home,car,524,Unnamed_home_524,13.75274506052941,100.49902018272016,524,Unnamed_home_524,13.75274506052941,100.49902018272016
332779,13643964,109151717,1,10,home,car,145,Unnamed_home_145,13.754519677768291,100.49852208906918,145,Unnamed_home_145,13.754519677768291,100.49852208906918
332779,13643978,109151830,2,19,home,car,145,Unnamed_home_145,13.754519677768291,100.49852208906918,145,Unnamed_home_145,13.754519677768291,100.49852208906918
332779,13643978,109151827,3,10,work,car,145,Unnamed_home_145,13.754519677768291,100.49852208906918,541,Unnamed_work_541,13.752261804186832,100.49839228961552
337467,13836180,110689441,1,10,shopping,car,401,Unnamed_home_401,13.75242931879542,100.50013251487572,48,Unnamed_shopping_48,13.7539947,100.4985631
337467,13836180,110689445,1,14,home,car,48,Unnamed_shopping_48,13.7539947,100.4985631,401,Unnamed_home_401,13.75242931879542,100.50013251487572
337468,13836194,110689557,1,19,home,car,505,Unnamed_home_505,13.75332013530764,100.49946954625028,505,Unnamed_home_505,13.75332013530764,100.49946954625028
337468,13836221,110689769,1,12,shopping,car,505,Unnamed_home_505,13.75332013530764,100.49946954625028,108,ริมขอบฟ้า,13.75624837744156,100.50137240991776
337468,13836221,110689773,1,17,home,car,108,ริมขอบฟ้า,13.75624837744156,100.50137240991776,505,Unnamed_home_505,13.75332013530764,100.49946954625028
339335,13912768,111302145,1,10,shopping,car,513,Unnamed_home_513,13.752835260606968,100.49940602157022,390,ธนาสังฆภัณฑ์,13.75255656812102,100.5000038543605
339335,13912768,111302149,1,13,home,car,390,ธนาสังฆภัณฑ์,13.75255656812102,100.5000038543605,513,Unnamed_home_513,13.752835260606968,100.49940602157022
339336,13912804,111302437,1,14,home,car,126,Unnamed_home_126,13.755556950000004,100.50144765,126,Unnamed_home_126,13.755556950000004,100.50144765
340616,13965260,111722085,1,9,work,car,562,Unnamed_home_562,13.752198624049308,100.49949293134765,328,Unnamed_work_328,13.752774687662788,100.50073887590509
340616,13965295,111722361,1,7,work,car,328,Unnamed_work_328,13.752774687662788,100.50073887590509,328,Unnamed_work_328,13.752774687662788,100.50073887590509
340616,13965295,111722365,1,17,home,car,328,Unnamed_work_328,13.752774687662788,100.50073887590509,562,Unnamed_home_562,13.752198624049308,100.49949293134765
341377,13996461,111971693,1,14,work,car,410,Unnamed_home_410,13.752122803118196,100.50004529106222,666,Unnamed_work_666,13.75204545,100.49816605000002
341377,13996476,111971809,1,8,shopping,car,666,Unnamed_work_666,13.75204545,100.49816605000002,309,อยแสงเจริญ,13.752603700000002,100.5008627
341377,13996476,111971813,1,8,home,car,309,อยแสงเจริญ,13.752603700000002,100.5008627,410,Unnamed_home_410,13.752122803118196,100.50004529106222
341377,13996496,111971969,1,8,work,car,410,Unnamed_home_410,13.752122803118196,100.50004529106222,666,Unnamed_work_666,13.75204545,100.49816605000002
341377,13996496,111971973,1,21,work,car,666,Unnamed_work_666,13.75204545,100.49816605000002,666,Unnamed_work_666,13.75204545,100.49816605000002
341377,13996496,111971970,2,8,work,car,666,Unnamed_work_666,13.75204545,100.49816605000002,666,Unnamed_work_666,13.75204545,100.49816605000002
341377,13996496,111971974,2,21,home,car,666,Unnamed_work_666,13.75204545,100.49816605000002,410,Unnamed_home_410,13.752122803118196,100.50004529106222
342483,14041831,112334653,1,16,home,car,254,Unnamed_home_254,13.755380592988285,100.50128067121068,254,Unnamed_home_254,13.755380592988285,100.50128067121068
348568,14291327,114330617,1,8,work,car,225,Unnamed_home_225,13.755919507372424,100.49967993197974,555,Unnamed_work_555,13.752541734031016,100.49949334144736
348568,14291327,114330622,2,11,home,car,555,Unnamed_work_555,13.752541734031016,100.49949334144736,225,Unnamed_home_225,13.755919507372424,100.49967993197974
348569,14291365,114330925,1,22,home,car,243,Unnamed_home_243,13.755404100000002,100.5009467,243,Unnamed_home_243,13.755404100000002,100.5009467
350932,14388245,115105961,1,15,shopping,car,256,Unnamed_home_256,13.755926886514358,100.50154070635848,319,ลายไทย,13.752403204174982,100.5008361774829
350932,14388245,115105965,1,15,home,car,319,ลายไทย,13.752403204174982,100.5008361774829,256,Unnamed_home_256,13.755926886514358,100.50154070635848
350933,14388286,115106289,1,8,shopping,car,188,Unnamed_home_188,13.7558962,100.4984626,434,เจริญชัยการช่าง,13.752156051692356,100.49981518209084
350933,14388286,115106293,1,10,home,car,434,เจริญชัยการช่าง,13.752156051692356,100.49981518209084,188,Unnamed_home_188,13.7558962,100.4984626
350935,14388360,115106885,1,18,home,car,576,Unnamed_home_576,13.751980738433318,100.4990889938976,576,Unnamed_home_576,13.751980738433318,100.4990889938976
350935,14388374,115106993,1,8,work,car,576,Unnamed_home_576,13.751980738433318,100.4990889938976,553,Unnamed_work_553,13.752540236509404,100.49942336100716
350935,14388374,115106997,1,18,home,car,553,Unnamed_work_553,13.752540236509404,100.49942336100716,576,Unnamed_home_576,13.751980738433318,100.4990889938976
350936,14388409,115107273,1,14,shopping,car,433,Unnamed_home_433,13.75239006189203,100.4998450471764,309,อยแสงเจริญ,13.752603700000002,100.5008627
350936,14388409,115107277,1,14,home,car,309,อยแสงเจริญ,13.752603700000002,100.5008627,433,Unnamed_home_433,13.75239006189203,100.4998450471764
362197,14850081,118800653,1,10,work,car,655,Unnamed_home_655,13.75325746942188,100.49887585516142,323,Unnamed_work_323,13.752572850000002,100.5008586
362197,14850116,118800929,1,5,work,car,323,Unnamed_work_323,13.752572850000002,100.5008586,323,Unnamed_work_323,13.752572850000002,100.5008586
362197,14850116,118800933,1,14,home,car,323,Unnamed_work_323,13.752572850000002,100.5008586,655,Unnamed_home_655,13.75325746942188,100.49887585516142
362561,14865040,118920321,1,11,work,car,103,Unnamed_home_103,13.75598809762316,100.50186852162156,628,Unnamed_work_628,13.75359978895126,100.49920779198573
362561,14865040,118920325,1,12,work,car,628,Unnamed_work_628,13.75359978895126,100.49920779198573,628,Unnamed_work_628,13.75359978895126,100.49920779198573
362561,14865040,118920326,2,19,shopping,car,628,Unnamed_work_628,13.75359978895126,100.49920779198573,393,Unnamed_shopping_393,13.7525669743924,100.50027362541128
362561,14865040,118920327,3,20,home,car,393,Unnamed_shopping_393,13.7525669743924,100.50027362541128,103,Unnamed_home_103,13.75598809762316,100.50186852162156
369459,15147844,121182757,1,19,home,car,502,Unnamed_home_502,13.75321606298496,100.4993743203148,502,Unnamed_home_502,13.75321606298496,100.4993743203148
369459,15147847,121182781,1,13,home,car,502,Unnamed_home_502,13.75321606298496,100.4993743203148,502,Unnamed_home_502,13.75321606298496,100.4993743203148
372070,15254909,122039273,1,6,work,car,172,Unnamed_home_172,13.755480411702749,100.49826250786002,323,Unnamed_work_323,13.752572850000002,100.5008586
372070,15254909,122039277,1,21,home,car,323,Unnamed_work_323,13.752572850000002,100.5008586,172,Unnamed_home_172,13.755480411702749,100.49826250786002
372071,15254939,122039518,2,13,home,car,488,Unnamed_home_488,13.75303322535439,100.4994574483279,488,Unnamed_home_488,13.75303322535439,100.4994574483279
372071,15254944,122039553,1,14,shopping,car,488,Unnamed_home_488,13.75303322535439,100.4994574483279,93,Unnamed_shopping_93,13.7552388,100.5014021
372071,15254944,122039557,1,20,home,car,93,Unnamed_shopping_93,13.7552388,100.5014021,488,Unnamed_home_488,13.75303322535439,100.4994574483279
372072,15254983,122039869,1,10,home,car,470,Unnamed_home_470,13.753154550976856,100.49998805659484,470,Unnamed_home_470,13.753154550976856,100.49998805659484
372072,15254984,122039878,2,20,home,car,470,Unnamed_home_470,13.753154550976856,100.49998805659484,470,Unnamed_home_470,13.753154550976856,100.49998805659484
373028,15294179,122353437,1,16,home,car,256,Unnamed_home_256,13.755926886514358,100.50154070635848,256,Unnamed_home_256,13.755926886514358,100.50154070635848
380722,15609630,124877045,1,18,home,car,188,Unnamed_home_188,13.7558962,100.4984626,188,Unnamed_home_188,13.7558962,100.4984626
380723,15609668,124877349,1,19,home,car,343,Unnamed_home_343,13.753047799350648,100.50054731605567,343,Unnamed_home_343,13.753047799350648,100.50054731605567
380828,15613981,124911849,1,13,shopping,car,146,Unnamed_home_146,13.754250037235506,100.49841483629584,617,เมืองไทยแคปปิตอล,13.75356175044504,100.4995179971382
380828,15613981,124911853,1,17,home,car,617,เมืองไทยแคปปิตอล,13.75356175044504,100.4995179971382,146,Unnamed_home_146,13.754250037235506,100.49841483629584
382345,15676170,125409365,1,11,home,car,246,Unnamed_home_246,13.755544454248884,100.50098872722258,246,Unnamed_home_246,13.755544454248884,100.50098872722258
382345,15676171,125409373,1,15,home,car,246,Unnamed_home_246,13.755544454248884,100.50098872722258,246,Unnamed_home_246,13.755544454248884,100.50098872722258
382345,15676172,125409381,1,21,home,car,246,Unnamed_home_246,13.755544454248884,100.50098872722258,246,Unnamed_home_246,13.755544454248884,100.50098872722258
382345,15676173,125409389,1,14,home,car,246,Unnamed_home_246,13.755544454248884,100.50098872722258,246,Unnamed_home_246,13.755544454248884,100.50098872722258
382346,15676225,125409801,1,17,work,car,376,Unnamed_home_376,13.75323309624398,100.5006335949117,551,Unnamed_work_551,13.752538790158509,100.49935333161172
382346,15676225,125409805,1,21,home,car,551,Unnamed_work_551,13.752538790158509,100.49935333161172,376,Unnamed_home_376,13.75323309624398,100.5006335949117
382347,15676260,125410081,1,14,shopping,car,201,Unnamed_home_201,13.756146349999998,100.49906475,324,ซี แอนด์ ที กิ๊ฟท์,13.753009979409054,100.50093623433214
382347,15676260,125410085,1,16,home,car,324,ซี แอนด์ ที กิ๊ฟท์,13.753009979409054,100.50093623433214,201,Unnamed_home_201,13.756146349999998,100.49906475
382347,15676261,125410089,1,18,shopping,car,201,Unnamed_home_201,13.756146349999998,100.49906475,561,ศ.สังฆภัณฑ์,13.752545937088655,100.4997033845498
382347,15676261,125410093,1,20,home,car,561,ศ.สังฆภัณฑ์,13.752545937088655,100.4997033845498,201,Unnamed_home_201,13.756146349999998,100.49906475
382347,15676266,125410129,1,16,work,car,201,Unnamed_home_201,13.756146349999998,100.49906475,553,Unnamed_work_553,13.752540236509404,100.49942336100716
382347,15676266,125410133,1,17,home,car,553,Unnamed_work_553,13.752540236509404,100.49942336100716,201,Unnamed_home_201,13.756146349999998,100.49906475
389883,15985231,127881853,1,16,home,car,533,เกี่ยงเซ้งร้านซุบ,13.752726909418207,100.49872180194008,533,เกี่ยงเซ้งร้านซุบ,13.752726909418207,100.49872180194008
389884,15985269,127882157,1,17,home,car,580,Unnamed_home_580,13.752127789169116,100.49908999368706,580,Unnamed_home_580,13.752127789169116,100.49908999368706
391400,16047439,128379513,1,8,work,car,482,Unnamed_home_482,13.752972074339796,100.49971768398912,111,mercedes benz showroom,13.75607375322169,100.50096057280768
391400,16047439,128379517,1,18,home,car,111,mercedes benz showroom,13.75607375322169,100.50096057280768,482,Unnamed_home_482,13.752972074339796,100.49971768398912
391401,16047472,128379781,1,12,home,car,587,Unnamed_home_587,13.752065393466989,100.49922689933176,587,Unnamed_home_587,13.752065393466989,100.49922689933176
391402,16047513,128380109,1,16,home,car,496,Unnamed_home_496,13.753049499999996,100.499098,496,Unnamed_home_496,13.753049499999996,100.499098
398247,16328166,130625329,1,13,work,car,277,Unnamed_home_277,13.755693455129922,100.5010049248006,332,Unnamed_work_332,13.7529174,100.5008144
398247,16328166,130625333,1,21,home,car,332,Unnamed_work_332,13.7529174,100.5008144,277,Unnamed_home_277,13.755693455129922,100.5010049248006
401776,16472855,131782841,1,11,work,car,189,Unnamed_home_189,13.75606350643357,100.49850997854097,547,Unnamed_work_547,13.752432628882122,100.49841601472323
401776,16472855,131782845,1,21,home,car,547,Unnamed_work_547,13.752432628882122,100.49841601472323,189,Unnamed_home_189,13.75606350643357,100.49850997854097
407484,16706877,133655017,1,20,shopping,car,180,Unnamed_home_180,13.756204943532987,100.49868302304606,617,เมืองไทยแคปปิตอล,13.75356175044504,100.4995179971382
407484,16706877,133655021,1,21,home,car,617,เมืองไทยแคปปิตอล,13.75356175044504,100.4995179971382,180,Unnamed_home_180,13.756204943532987,100.49868302304606
407484,16706883,133655065,1,7,work,car,180,Unnamed_home_180,13.756204943532987,100.49868302304606,332,Unnamed_work_332,13.7529174,100.5008144
407484,16706883,133655069,1,17,home,car,332,Unnamed_work_332,13.7529174,100.5008144,180,Unnamed_home_180,13.756204943532987,100.49868302304606
407729,16716928,133735425,1,7,work,car,651,Unnamed_home_651,13.752390210681083,100.49804540391511,375,เซ็งซิมอี้,13.753177360255842,100.50093821366632
407729,16716928,133735429,1,14,home,car,375,เซ็งซิมอี้,13.753177360255842,100.50093821366632,651,Unnamed_home_651,13.752390210681083,100.49804540391511
407731,16717002,133736021,1,16,home,car,260,Unnamed_home_260,13.75578990645321,100.50068012928132,260,Unnamed_home_260,13.75578990645321,100.50068012928132
417465,17116104,136928833,1,6,work,car,265,Unnamed_home_265,13.75566555136236,100.50035328148424,486,สำนักงานกู้ศักดิ์และเพื่อนทนายความ,13.75303255,100.4995427
417465,17116104,136928837,1,16,home,car,486,สำนักงานกู้ศักดิ์และเพื่อนทนายความ,13.75303255,100.4995427,265,Unnamed_home_265,13.75566555136236,100.50035328148424
417466,17116110,136928885,1,15,work,car,638,Unnamed_home_638,13.752279627726107,100.498113651883,559,Unnamed_work_559,13.752544465420364,100.49963335435152
417466,17116145,136929161,1,8,work,car,559,Unnamed_work_559,13.752544465420364,100.49963335435152,559,Unnamed_work_559,13.752544465420364,100.49963335435152
417466,17116145,136929165,1,17,home,car,559,Unnamed_work_559,13.752544465420364,100.49963335435152,638,Unnamed_home_638,13.752279627726107,100.498113651883
417467,17116178,136929429,1,14,home,car,225,Unnamed_home_225,13.755919507372424,100.49967993197974,225,Unnamed_home_225,13.755919507372424,100.49967993197974
417468,17116216,136929733,1,17,home,car,601,Unnamed_home_601,13.752575604375672,100.49911755934336,601,Unnamed_home_601,13.752575604375672,100.49911755934336
417468,17116221,136929769,1,10,shopping,car,601,Unnamed_home_601,13.752575604375672,100.49911755934336,409,เจริญชัยการช่าง,13.752188889292324,100.50004644036268
417468,17116221,136929773,1,10,home,car,409,เจริญชัยการช่าง,13.752188889292324,100.50004644036268,601,Unnamed_home_601,13.752575604375672,100.49911755934336
423776,17374855,138998841,1,8,work,car,256,Unnamed_home_256,13.755926886514358,100.50154070635848,664,Unnamed_work_664,13.752335202528132,100.49822699783816
423776,17374855,138998845,1,18,home,car,664,Unnamed_work_664,13.752335202528132,100.49822699783816,256,Unnamed_home_256,13.755926886514358,100.50154070635848
436495,17896328,143170625,1,14,shopping,car,459,Unnamed_home_459,13.753010907164567,100.50021296469023,142,Unnamed_shopping_142,13.754493950189064,100.49842434039036
436495,17896328,143170629,1,15,home,car,142,Unnamed_shopping_142,13.754493950189064,100.49842434039036,459,Unnamed_home_459,13.753010907164567,100.50021296469023
436975,17916000,143328005,1,19,home,car,132,Unnamed_home_132,13.755593565612063,100.50196012518154,132,Unnamed_home_132,13.755593565612063,100.50196012518154
436976,17916025,143328205,1,14,home,car,163,Unnamed_home_163,13.753530854808464,100.497963135442,163,Unnamed_home_163,13.753530854808464,100.497963135442
436976,17916052,143328421,1,16,home,car,163,Unnamed_home_163,13.753530854808464,100.497963135442,163,Unnamed_home_163,13.753530854808464,100.497963135442
436977,17916088,143328709,1,15,home,car,569,Unnamed_home_569,13.751994351737084,100.49969347655912,569,Unnamed_home_569,13.751994351737084,100.49969347655912
440094,18043882,144351061,1,21,home,car,412,Unnamed_home_412,13.752057501308949,100.50004205383917,412,Unnamed_home_412,13.752057501308949,100.50004205383917
440094,18043893,144351145,1,6,work,car,412,Unnamed_home_412,13.752057501308949,100.50004205383917,549,Unnamed_work_549,13.752546638644208,100.49973838748708
440094,18043893,144351149,1,15,home,car,549,Unnamed_work_549,13.752546638644208,100.49973838748708,412,Unnamed_home_412,13.752057501308949,100.50004205383917
440095,18043934,144351473,1,6,work,car,128,Unnamed_home_128,13.755396452972482,100.50189659987656,95,ศาลาว่าการกรุงเทพมหานคร,13.753925710537164,100.5017902654702
440095,18043934,144351477,1,17,home,car,95,ศาลาว่าการกรุงเทพมหานคร,13.753925710537164,100.5017902654702,128,Unnamed_home_128,13.755396452972482,100.50189659987656
454200,18622219,148977753,1,14,shopping,car,334,Unnamed_home_334,13.752813963314448,100.50049255728966,539,P.Gems,13.752460660363992,100.49842027943896
454200,18622219,148977757,1,16,shopping,car,539,P.Gems,13.752460660363992,100.49842027943896,52,7-Eleven,13.754506,100.4985151
454200,18622219,148977758,2,16,home,car,52,7-Eleven,13.754506,100.4985151,334,Unnamed_home_334,13.752813963314448,100.50049255728966
457598,18761557,150092457,1,8,work,car,572,Unnamed_home_572,13.752300622310647,100.49921887711336,547,Unnamed_work_547,13.752432628882122,100.49841601472323
457598,18761557,150092461,1,17,shopping,car,547,Unnamed_work_547,13.752432628882122,100.49841601472323,56,Roadside Laundry (20-30Bth),13.7554908,100.4998197
457598,18761557,150092462,2,21,home,car,56,Roadside Laundry (20-30Bth),13.7554908,100.4998197,572,Unnamed_home_572,13.752300622310647,100.49921887711336
457599,18761595,150092765,1,14,home,car,650,Unnamed_home_650,13.752391928873765,100.49807207684904,650,Unnamed_home_650,13.752391928873765,100.49807207684904
457600,18761625,150093006,2,15,home,car,424,Unnamed_home_424,13.752380191667344,100.49974419811213,424,Unnamed_home_424,13.752380191667344,100.49974419811213
458404,18794570,150356565,1,22,home,car,495,Unnamed_home_495,13.753048874492398,100.4990585974366,495,Unnamed_home_495,13.753048874492398,100.4990585974366
458404,18794589,150356717,1,10,home,car,495,Unnamed_home_495,13.753048874492398,100.4990585974366,495,Unnamed_home_495,13.753048874492398,100.4990585974366
458404,18794597,150356777,1,13,shopping,car,495,Unnamed_home_495,13.753048874492398,100.4990585974366,440,จองหลุยส์ดาวี,13.753471377730571,100.50011368234414
458404,18794597,150356781,1,13,home,car,440,จองหลุยส์ดาวี,13.753471377730571,100.50011368234414,495,Unnamed_home_495,13.753048874492398,100.4990585974366
459375,18834384,150675077,1,12,home,car,415,Unnamed_home_415,13.752250481547108,100.49938982796412,415,Unnamed_home_415,13.752250481547108,100.49938982796412
459375,18834385,150675085,1,15,home,car,415,Unnamed_home_415,13.752250481547108,100.49938982796412,415,Unnamed_home_415,13.752250481547108,100.49938982796412
459375,18834386,150675093,1,18,home,car,415,Unnamed_home_415,13.752250481547108,100.49938982796412,415,Unnamed_home_415,13.752250481547108,100.49938982796412
459376,18834441,150675533,1,17,home,car,501,Unnamed_home_501,13.753211748729456,100.49940843404656,501,Unnamed_home_501,13.753211748729456,100.49940843404656
459376,18834447,150675581,1,14,home,car,501,Unnamed_home_501,13.753211748729456,100.49940843404656,501,Unnamed_home_501,13.753211748729456,100.49940843404656
459377,18834488,150675909,1,15,home,car,103,Unnamed_home_103,13.75598809762316,100.50186852162156,103,Unnamed_home_103,13.75598809762316,100.50186852162156
468656,19214929,153719433,1,17,shopping,car,178,Unnamed_home_178,13.756012945668656,100.49868142297208,41,Unnamed_shopping_41,13.7522712,100.498328
468656,19214929,153719437,1,18,home,car,41,Unnamed_shopping_41,13.7522712,100.498328,178,Unnamed_home_178,13.756012945668656,100.49868142297208
468656,19214935,153719481,1,6,work,car,178,Unnamed_home_178,13.756012945668656,100.49868142297208,375,เซ็งซิมอี้,13.753177360255842,100.50093821366632
468656,19214935,153719485,1,17,home,car,375,เซ็งซิมอี้,13.753177360255842,100.50093821366632,178,Unnamed_home_178,13.756012945668656,100.49868142297208
468657,19214946,153719573,1,18,home,car,492,Unnamed_home_492,13.753019440526224,100.49925033209558,492,Unnamed_home_492,13.753019440526224,100.49925033209558
468657,19214968,153719749,1,11,home,car,492,Unnamed_home_492,13.753019440526224,100.49925033209558,492,Unnamed_home_492,13.753019440526224,100.49925033209558
468658,19215009,153720077,1,17,home,car,124,Unnamed_home_124,13.755246994429353,100.50090130185691,124,Unnamed_home_124,13.755246994429353,100.50090130185691
468659,19215028,153720229,1,11,home,car,376,Unnamed_home_376,13.75323309624398,100.5006335949117,376,Unnamed_home_376,13.75323309624398,100.5006335949117
468659,19215050,153720406,2,21,home,car,376,Unnamed_home_376,13.75323309624398,100.5006335949117,376,Unnamed_home_376,13.75323309624398,100.5006335949117
